# This file uses meters as units for non-parametric coordinates.

mtllib City_Kit_Assets.mtl
g default
v 35.977060 679.563800 -206.018042
v 61.779943 705.366910 -206.018042
v 97.027414 714.811346 -206.018042
v 132.274809 705.366910 -206.018042
v 158.077692 679.563800 -206.018042
v 167.522128 644.316405 -206.018042
v 158.077692 609.069086 -206.018042
v 132.274809 583.266052 -206.018042
v 97.027414 573.821691 -206.018042
v 61.779943 583.266052 -206.018042
v 35.977060 609.069086 -206.018042
v 26.532549 644.316405 -206.018042
v 35.977060 679.563800 -194.575704
v 61.779943 705.366910 -194.575704
v 97.027414 714.811346 -194.575704
v 132.274809 705.366910 -194.575704
v 158.077692 679.563800 -194.575704
v 167.522128 644.316405 -194.575704
v 158.077692 609.069086 -194.575704
v 132.274809 583.266052 -194.575704
v 97.027414 573.821691 -194.575704
v 61.779943 583.266052 -194.575704
v 35.977060 609.069086 -194.575704
v 26.532549 644.316405 -194.575704
v 97.027414 644.316405 -206.018042
v -11.963365 679.564178 -35.977060
v -11.963365 705.367137 -61.779792
v -11.963365 714.811724 -97.027868
v -11.963365 705.367137 -132.274733
v -11.963365 679.564178 -158.077768
v -11.963365 644.316935 -167.522506
v -11.963365 609.069540 -158.077768
v -11.963365 583.266581 -132.274733
v -11.963365 573.822070 -97.027868
v -11.963365 583.266581 -61.779792
v -11.963365 609.069540 -35.977060
v -11.963365 644.316935 -26.532624
v -0.520574 679.564178 -35.977060
v -0.520574 705.367137 -61.779792
v -0.520574 714.811724 -97.027868
v -0.520574 705.367137 -132.274733
v -0.520574 679.564178 -158.077768
v -0.520574 644.316935 -167.522506
v -0.520574 609.069540 -158.077768
v -0.520574 583.266581 -132.274733
v -0.520574 573.822070 -97.027868
v -0.520574 583.266581 -61.779792
v -0.520574 609.069540 -35.977060
v -0.520574 644.316935 -26.532624
v -11.963365 644.316935 -97.027868
v 0.000000 0.000000 0.000000
v 194.054752 0.000000 0.000000
v 93.799917 1256.837431 -93.799766
v 100.254911 1256.837431 -93.799766
v 93.799917 1256.837431 -100.255364
v 100.254911 1256.837431 -100.255364
v 0.000000 0.000000 -194.054525
v 194.054752 0.000000 -194.054525
v 39.773452 994.753657 -39.773528
v 39.773452 994.753657 -154.281300
v 154.281300 994.753657 -154.281300
v 154.281300 994.753657 -39.773528
v 34.574823 897.469738 -34.574748
v 34.574823 897.469284 -159.480080
v 159.479929 897.469284 -159.480080
v 159.479929 897.469738 -34.574748
v 0.000000 826.341851 0.000000
v 0.000000 826.341094 -194.054525
v 194.054752 826.341094 -194.054525
v 194.054752 826.341851 0.000000
v 0.000000 731.756158 0.000000
v 0.000000 731.755401 -194.054525
v 194.054752 731.755401 -194.054525
v 194.054752 731.756158 0.000000
v 0.000000 556.878241 0.000000
v 0.000000 556.877561 -194.054525
v 194.054752 556.877561 -194.054525
v 194.054752 556.878241 0.000000
v -6.241970 556.878241 6.242045
v -6.241970 556.877561 -200.296873
v -6.241970 731.756158 6.242045
v -6.241970 731.755401 -200.296873
v 200.296722 731.755401 -200.296873
v 200.296722 556.877561 -200.296873
v 200.296722 556.878241 6.242045
v 200.296722 731.756158 6.242045
v 24.663656 861.905038 -169.391248
v 24.663656 861.905794 -24.663580
v 169.391021 861.905794 -24.663580
v 169.391021 861.905038 -169.391248
v 53.454998 1047.170382 -140.599678
v 53.454998 1047.170382 -53.455150
v 140.599678 1047.170382 -53.455150
v 140.599678 1047.170382 -140.599678
v 39.773452 897.469435 -154.281300
v 39.773452 897.469738 -39.773528
v 154.281300 897.469738 -39.773528
v 154.281300 897.469435 -154.281300
v 206.018193 679.564178 -158.077768
v 206.018193 705.367137 -132.274733
v 206.018193 714.811724 -97.027868
v 206.018193 705.367137 -61.779792
v 206.018193 679.564178 -35.977060
v 206.018193 644.316935 -26.532624
v 206.018193 609.069540 -35.977060
v 206.018193 583.266581 -61.779792
v 206.018193 573.822070 -97.027868
v 206.018193 583.266581 -132.274733
v 206.018193 609.069540 -158.077768
v 206.018193 644.316935 -167.522506
v 194.575250 679.564178 -158.077768
v 194.575250 705.367137 -132.274733
v 194.575250 714.811724 -97.027868
v 194.575250 705.367137 -61.779792
v 194.575250 679.564178 -35.977060
v 194.575250 644.316935 -26.532624
v 194.575250 609.069540 -35.977060
v 194.575250 583.266581 -61.779792
v 194.575250 573.822070 -97.027868
v 194.575250 583.266581 -132.274733
v 194.575250 609.069540 -158.077768
v 194.575250 644.316935 -167.522506
v 206.018193 644.316935 -97.027868
v 158.077692 679.564632 11.963214
v 132.274809 705.367515 11.963214
v 97.027414 714.811951 11.963214
v 61.779943 705.367515 11.963214
v 35.977060 679.564632 11.963214
v 26.532549 644.317237 11.963214
v 35.977060 609.069767 11.963214
v 61.779943 583.266883 11.963214
v 97.027414 573.822372 11.963214
v 132.274809 583.266883 11.963214
v 158.077692 609.069767 11.963214
v 167.522128 644.317237 11.963214
v 158.077692 679.564632 0.519969
v 132.274809 705.367515 0.519969
v 97.027414 714.811951 0.519969
v 61.779943 705.367515 0.519969
v 35.977060 679.564632 0.519969
v 26.532549 644.317237 0.519969
v 35.977060 609.069767 0.519969
v 61.779943 583.266883 0.519969
v 97.027414 573.822372 0.519969
v 132.274809 583.266883 0.519969
v 158.077692 609.069767 0.519969
v 167.522128 644.317237 0.519969
v 97.027414 644.317237 11.963214
vt 0.707817 0.824297
vt 0.710045 0.804732
vt 0.717628 0.813209
vt 0.716118 0.816673
vt 0.727746 0.815965
vt 0.727501 0.818498
vt 0.738052 0.814431
vt 0.739091 0.818051
vt 0.746664 0.807231
vt 0.746442 0.826582
vt 0.750511 0.796665
vt 0.748760 0.837929
vt 0.748530 0.785610
vt 0.745168 0.849030
vt 0.741283 0.777076
vt 0.736525 0.856849
vt 0.730693 0.773404
vt 0.725143 0.859235
vt 0.719676 0.775554
vt 0.714119 0.855530
vt 0.711240 0.782958
vt 0.706452 0.846750
vt 0.707664 0.793593
vt 0.704186 0.835301
vt 0.726418 0.837534
vt 0.707817 0.824296
vt 0.710045 0.804732
vt 0.717628 0.813209
vt 0.716118 0.816673
vt 0.727746 0.815965
vt 0.727501 0.818498
vt 0.738052 0.814431
vt 0.739091 0.818051
vt 0.746664 0.807230
vt 0.746441 0.826583
vt 0.750511 0.796665
vt 0.748759 0.837930
vt 0.748529 0.785610
vt 0.745167 0.849031
vt 0.741282 0.777075
vt 0.736523 0.856849
vt 0.730692 0.773404
vt 0.725142 0.859235
vt 0.719675 0.775554
vt 0.714118 0.855530
vt 0.711240 0.782958
vt 0.706451 0.846750
vt 0.707664 0.793593
vt 0.704185 0.835300
vt 0.726418 0.837534
vt 0.613514 0.533424
vt 0.608213 0.363515
vt 0.431462 0.888572
vt 0.433392 0.710733
vt 0.563035 0.761784
vt 0.429718 0.489573
vt 0.427757 0.490114
vt 0.561193 0.762741
vt 0.370329 0.889769
vt 0.549805 0.363942
vt 0.548294 0.542337
vt 0.488544 0.536953
vt 0.458364 0.551219
vt 0.557639 0.693656
vt 0.406622 0.554986
vt 0.432770 0.558827
vt 0.469438 0.596870
vt 0.588565 0.680980
vt 0.556641 0.676201
vt 0.554312 0.645069
vt 0.524411 0.686832
vt 0.400023 0.597560
vt 0.433653 0.576386
vt 0.435509 0.607648
vt 0.477491 0.608006
vt 0.592359 0.652925
vt 0.554235 0.643295
vt 0.554218 0.631546
vt 0.517591 0.655880
vt 0.392634 0.608450
vt 0.435549 0.609425
vt 0.435371 0.621169
vt 0.613644 0.600072
vt 0.608407 0.630497
vt 0.553946 0.618048
vt 0.554952 0.591187
vt 0.498485 0.635428
vt 0.488698 0.604053
vt 0.435560 0.634685
vt 0.435018 0.661594
vt 0.548192 0.543975
vt 0.500974 0.716751
vt 0.616131 0.598274
vt 0.555115 0.589500
vt 0.367283 0.712978
vt 0.373269 0.650682
vt 0.433441 0.709125
vt 0.434964 0.663268
vt 0.707822 0.824300
vt 0.710047 0.804735
vt 0.717631 0.813211
vt 0.716122 0.816675
vt 0.727750 0.815965
vt 0.727504 0.818498
vt 0.738055 0.814430
vt 0.739095 0.818049
vt 0.746666 0.807228
vt 0.746447 0.826579
vt 0.750511 0.796661
vt 0.748767 0.837926
vt 0.748528 0.785607
vt 0.745177 0.849027
vt 0.741280 0.777074
vt 0.736535 0.856847
vt 0.730689 0.773404
vt 0.725153 0.859235
vt 0.719672 0.775556
vt 0.714129 0.855532
vt 0.711238 0.782961
vt 0.706460 0.846754
vt 0.707664 0.793597
vt 0.704192 0.835305
vt 0.726425 0.837534
vt 0.707822 0.824300
vt 0.710047 0.804735
vt 0.717631 0.813211
vt 0.716122 0.816675
vt 0.727749 0.815965
vt 0.727504 0.818498
vt 0.738055 0.814430
vt 0.739095 0.818049
vt 0.746666 0.807228
vt 0.746446 0.826579
vt 0.750511 0.796661
vt 0.748766 0.837926
vt 0.748528 0.785607
vt 0.745176 0.849027
vt 0.741280 0.777074
vt 0.736534 0.856847
vt 0.730689 0.773404
vt 0.725153 0.859235
vt 0.719672 0.775556
vt 0.714129 0.855532
vt 0.711238 0.782961
vt 0.706460 0.846754
vt 0.707664 0.793596
vt 0.704192 0.835305
vt 0.726425 0.837534
vt 0.704179 0.793365
vt 0.706920 0.806297
vt 0.708332 0.781005
vt 0.718155 0.772400
vt 0.730979 0.769914
vt 0.743273 0.774200
vt 0.751700 0.784119
vt 0.753997 0.796988
vt 0.749490 0.809294
vt 0.704179 0.793365
vt 0.706920 0.806297
vt 0.708332 0.781005
vt 0.718155 0.772400
vt 0.730978 0.769914
vt 0.743273 0.774200
vt 0.751699 0.784119
vt 0.753997 0.796988
vt 0.749490 0.809294
vt 0.704179 0.793361
vt 0.706917 0.806293
vt 0.708334 0.781001
vt 0.718159 0.772398
vt 0.730983 0.769914
vt 0.743277 0.774202
vt 0.751701 0.784122
vt 0.753997 0.796992
vt 0.749488 0.809298
vt 0.704179 0.793361
vt 0.706918 0.806294
vt 0.708334 0.781001
vt 0.718159 0.772398
vt 0.730983 0.769914
vt 0.743277 0.774203
vt 0.751702 0.784123
vt 0.753997 0.796993
vt 0.749488 0.809298
vt 0.519544 0.656822
vt 0.398091 0.598556
vt 0.532121 0.701904
vt 0.402093 0.571242
vt 0.510604 0.646120
vt 0.381937 0.619898
vt 0.486084 0.602360
vt 0.486014 0.538894
vt 0.369848 0.714974
vt 0.375758 0.649049
vt 0.488820 0.362242
vt 0.590367 0.653998
vt 0.465732 0.566501
vt 0.584116 0.697607
vt 0.597787 0.642620
vt 0.471302 0.597879
vt 0.616122 0.535201
vt 0.497379 0.653192
vt 0.495102 0.651373
vt 0.498073 0.718592
vt 0.488344 0.619255
vt 0.490200 0.889759
vt 0.563046 0.764080
vt 0.425749 0.489896
vt 0.564799 0.762528
vn -0.707114 0.707100 0.000000
vn -0.707114 0.707100 0.000000
vn -0.707114 0.707100 0.000000
vn -0.707114 0.707100 0.000000
vn -0.258820 0.965925 0.000000
vn -0.258820 0.965925 0.000000
vn -0.258820 0.965925 0.000000
vn -0.258820 0.965925 0.000000
vn 0.258821 0.965925 0.000000
vn 0.258821 0.965925 0.000000
vn 0.258821 0.965925 0.000000
vn 0.258821 0.965925 0.000000
vn 0.707114 0.707100 0.000000
vn 0.707114 0.707100 0.000000
vn 0.707114 0.707100 0.000000
vn 0.707114 0.707100 0.000000
vn 0.965928 0.258812 0.000000
vn 0.965928 0.258812 0.000000
vn 0.965928 0.258812 0.000000
vn 0.965928 0.258812 0.000000
vn 0.965926 -0.258819 0.000000
vn 0.965926 -0.258819 0.000000
vn 0.965926 -0.258819 0.000000
vn 0.965926 -0.258819 0.000000
vn 0.707107 -0.707107 0.000000
vn 0.707107 -0.707107 0.000000
vn 0.707107 -0.707107 0.000000
vn 0.707107 -0.707107 0.000000
vn 0.258815 -0.965927 0.000000
vn 0.258815 -0.965927 0.000000
vn 0.258815 -0.965927 0.000000
vn 0.258815 -0.965927 0.000000
vn -0.258814 -0.965927 0.000000
vn -0.258814 -0.965927 0.000000
vn -0.258814 -0.965927 0.000000
vn -0.258814 -0.965927 0.000000
vn -0.707107 -0.707107 0.000000
vn -0.707107 -0.707107 0.000000
vn -0.707107 -0.707107 0.000000
vn -0.707107 -0.707107 0.000000
vn -0.965925 -0.258821 0.000000
vn -0.965925 -0.258821 0.000000
vn -0.965925 -0.258821 0.000000
vn -0.965925 -0.258821 0.000000
vn -0.965927 0.258813 0.000000
vn -0.965927 0.258813 0.000000
vn -0.965927 0.258813 0.000000
vn -0.965927 0.258813 0.000000
vn 0.000005 0.000000 -1.000000
vn 0.000005 0.000000 -1.000000
vn 0.000005 0.000000 -1.000000
vn 0.000002 0.000000 -1.000000
vn 0.000002 0.000000 -1.000000
vn 0.000002 0.000000 -1.000000
vn -0.000002 0.000000 -1.000000
vn -0.000002 0.000000 -1.000000
vn -0.000002 0.000000 -1.000000
vn -0.000005 0.000000 -1.000000
vn -0.000005 0.000000 -1.000000
vn -0.000005 0.000000 -1.000000
vn 0.000000 0.000000 -1.000000
vn 0.000000 0.000000 -1.000000
vn 0.000000 0.000000 -1.000000
vn 0.000000 0.000000 -1.000000
vn 0.000000 0.000000 -1.000000
vn 0.000000 0.000000 -1.000000
vn 0.000000 0.000000 -1.000000
vn 0.000000 0.000000 -1.000000
vn 0.000000 0.000000 -1.000000
vn -0.000007 0.000000 -1.000000
vn -0.000007 0.000000 -1.000000
vn -0.000007 0.000000 -1.000000
vn 0.000007 0.000000 -1.000000
vn 0.000007 0.000000 -1.000000
vn 0.000007 0.000000 -1.000000
vn 0.000000 0.000000 -1.000000
vn 0.000000 0.000000 -1.000000
vn 0.000000 0.000000 -1.000000
vn 0.000000 0.000000 -1.000000
vn 0.000000 0.000000 -1.000000
vn 0.000000 0.000000 -1.000000
vn 0.000000 0.000000 -1.000000
vn 0.000000 0.000000 -1.000000
vn 0.000000 0.000000 -1.000000
vn 0.000000 0.707104 0.707109
vn 0.000000 0.707104 0.707109
vn 0.000000 0.707104 0.707109
vn 0.000000 0.707104 0.707109
vn 0.000000 0.965926 0.258818
vn 0.000000 0.965926 0.258818
vn 0.000000 0.965926 0.258818
vn 0.000000 0.965926 0.258818
vn 0.000000 0.965924 -0.258825
vn 0.000000 0.965924 -0.258825
vn 0.000000 0.965924 -0.258825
vn 0.000000 0.965924 -0.258825
vn 0.000000 0.707108 -0.707106
vn 0.000000 0.707108 -0.707106
vn 0.000000 0.707108 -0.707106
vn 0.000000 0.707108 -0.707106
vn 0.000000 0.258826 -0.965924
vn 0.000000 0.258826 -0.965924
vn 0.000000 0.258826 -0.965924
vn 0.000000 0.258826 -0.965924
vn 0.000000 -0.258825 -0.965924
vn 0.000000 -0.258825 -0.965924
vn 0.000000 -0.258825 -0.965924
vn 0.000000 -0.258825 -0.965924
vn 0.000000 -0.707108 -0.707106
vn 0.000000 -0.707108 -0.707106
vn 0.000000 -0.707108 -0.707106
vn 0.000000 -0.707108 -0.707106
vn 0.000000 -0.965925 -0.258823
vn 0.000000 -0.965925 -0.258823
vn 0.000000 -0.965925 -0.258823
vn 0.000000 -0.965925 -0.258823
vn 0.000000 -0.965927 0.258816
vn 0.000000 -0.965927 0.258816
vn 0.000000 -0.965927 0.258816
vn 0.000000 -0.965927 0.258816
vn 0.000000 -0.707104 0.707109
vn 0.000000 -0.707104 0.707109
vn 0.000000 -0.707104 0.707109
vn 0.000000 -0.707104 0.707109
vn 0.000000 -0.258818 0.965926
vn 0.000000 -0.258818 0.965926
vn 0.000000 -0.258818 0.965926
vn 0.000000 -0.258818 0.965926
vn 0.000000 0.258820 0.965926
vn 0.000000 0.258820 0.965926
vn 0.000000 0.258820 0.965926
vn 0.000000 0.258820 0.965926
vn -1.000000 0.000000 0.000000
vn -1.000000 0.000000 0.000000
vn -1.000000 0.000000 0.000000
vn -1.000000 0.000000 0.000000
vn -1.000000 0.000000 0.000000
vn -1.000000 0.000000 0.000000
vn -1.000000 0.000000 0.000000
vn -1.000000 0.000000 0.000000
vn -1.000000 0.000000 0.000000
vn -1.000000 0.000001 0.000000
vn -1.000000 0.000001 0.000000
vn -1.000000 0.000001 0.000000
vn -1.000000 0.000002 0.000000
vn -1.000000 0.000002 0.000000
vn -1.000000 0.000002 0.000000
vn -1.000000 -0.000002 0.000000
vn -1.000000 -0.000002 0.000000
vn -1.000000 -0.000002 0.000000
vn -1.000000 -0.000001 0.000000
vn -1.000000 -0.000001 0.000000
vn -1.000000 -0.000001 0.000000
vn -1.000000 0.000000 0.000000
vn -1.000000 0.000000 0.000000
vn -1.000000 0.000000 0.000000
vn -1.000000 0.000000 0.000000
vn -1.000000 0.000000 0.000000
vn -1.000000 0.000000 0.000000
vn -1.000000 0.000000 0.000000
vn -1.000000 0.000000 0.000000
vn -1.000000 0.000000 0.000000
vn -1.000000 0.000001 0.000000
vn -1.000000 0.000001 0.000000
vn -1.000000 0.000001 0.000000
vn -1.000000 -0.000001 0.000000
vn -1.000000 -0.000001 0.000000
vn -1.000000 -0.000001 0.000000
vn 0.000000 0.000000 1.000000
vn 0.000000 0.000000 1.000000
vn 0.000000 0.000000 1.000000
vn 0.000000 0.000000 1.000000
vn 0.000000 1.000000 0.000000
vn 0.000000 1.000000 0.000000
vn 0.000000 1.000000 0.000000
vn 0.000000 1.000000 0.000000
vn 0.000000 0.000000 -1.000000
vn 0.000000 0.000000 -1.000000
vn 0.000000 0.000000 -1.000000
vn 0.000000 0.000000 -1.000000
vn 1.000000 0.000000 0.000000
vn 1.000000 0.000000 0.000000
vn 1.000000 0.000000 0.000000
vn 1.000000 0.000000 0.000000
vn -1.000000 0.000000 0.000000
vn -1.000000 0.000000 0.000000
vn -1.000000 0.000000 0.000000
vn -1.000000 0.000000 0.000000
vn -0.981985 0.188957 0.000000
vn -0.981985 0.188957 0.000000
vn -0.981985 0.188957 0.000000
vn -0.981985 0.188957 0.000000
vn 0.000000 0.188954 -0.981986
vn 0.000000 0.188954 -0.981986
vn 0.000000 0.188954 -0.981986
vn 0.000000 0.188954 -0.981986
vn 0.981986 0.188955 0.000000
vn 0.981986 0.188955 0.000000
vn 0.981986 0.188955 0.000000
vn 0.981986 0.188955 0.000000
vn 0.000000 0.188956 0.981986
vn 0.000000 0.188956 0.981986
vn 0.000000 0.188956 0.981986
vn 0.000000 0.188956 0.981986
vn -1.000000 0.000000 0.000000
vn -1.000000 0.000000 0.000000
vn -1.000000 0.000000 0.000000
vn -1.000000 0.000000 0.000000
vn 0.000000 0.000000 -1.000000
vn 0.000000 0.000000 -1.000000
vn 0.000000 0.000000 -1.000000
vn 0.000000 0.000000 -1.000000
vn 1.000000 0.000000 0.000000
vn 1.000000 0.000000 0.000000
vn 1.000000 0.000000 0.000000
vn 1.000000 0.000000 0.000000
vn 0.000000 0.000000 1.000000
vn 0.000000 0.000000 1.000000
vn 0.000000 0.000000 1.000000
vn 0.000000 0.000000 1.000000
vn -0.963293 0.268453 -0.000001
vn -0.963293 0.268453 -0.000001
vn -0.963293 0.268453 -0.000001
vn -0.963293 0.268453 -0.000001
vn 0.000000 0.268454 -0.963293
vn 0.000000 0.268454 -0.963293
vn 0.000000 0.268454 -0.963293
vn 0.000000 0.268454 -0.963293
vn 0.963293 0.268454 -0.000001
vn 0.963293 0.268454 -0.000001
vn 0.963293 0.268454 -0.000001
vn 0.963293 0.268454 -0.000001
vn 0.000000 0.268456 0.963292
vn 0.000000 0.268456 0.963292
vn 0.000000 0.268456 0.963292
vn 0.000000 0.268456 0.963292
vn -1.000000 0.000000 0.000000
vn -1.000000 0.000000 0.000000
vn -1.000000 0.000000 0.000000
vn -1.000000 0.000000 0.000000
vn 0.000000 0.000000 -1.000000
vn 0.000000 0.000000 -1.000000
vn 0.000000 0.000000 -1.000000
vn 0.000000 0.000000 -1.000000
vn 1.000000 0.000000 0.000000
vn 1.000000 0.000000 0.000000
vn 1.000000 0.000000 0.000000
vn 1.000000 0.000000 0.000000
vn 0.000000 0.000000 1.000000
vn 0.000000 0.000000 1.000000
vn 0.000000 0.000000 1.000000
vn 0.000000 0.000000 1.000000
vn -1.000000 0.000000 0.000000
vn -1.000000 0.000000 0.000000
vn -1.000000 0.000000 0.000000
vn -1.000000 0.000000 0.000000
vn 0.000000 0.000000 -1.000000
vn 0.000000 0.000000 -1.000000
vn 0.000000 0.000000 -1.000000
vn 0.000000 0.000000 -1.000000
vn 1.000000 0.000000 0.000000
vn 1.000000 0.000000 0.000000
vn 1.000000 0.000000 0.000000
vn 1.000000 0.000000 0.000000
vn 0.000000 0.000000 1.000000
vn 0.000000 0.000000 1.000000
vn 0.000000 0.000000 1.000000
vn 0.000000 0.000000 1.000000
vn -0.000000 -1.000000 0.000003
vn -0.000000 -1.000000 0.000003
vn -0.000000 -1.000000 0.000003
vn -0.000000 -1.000000 0.000003
vn 0.000000 1.000000 -0.000004
vn 0.000000 1.000000 -0.000004
vn 0.000000 1.000000 -0.000004
vn 0.000000 1.000000 -0.000004
vn 0.000000 1.000000 0.000000
vn 0.000000 1.000000 0.000000
vn 0.000000 1.000000 0.000000
vn 0.000000 1.000000 0.000000
vn 0.000000 -1.000000 0.000000
vn 0.000000 -1.000000 0.000000
vn 0.000000 -1.000000 0.000000
vn 0.000000 -1.000000 0.000000
vn 0.000000 -1.000000 0.000003
vn 0.000000 -1.000000 0.000003
vn 0.000000 -1.000000 0.000003
vn 0.000000 -1.000000 0.000003
vn -0.000000 1.000000 -0.000004
vn -0.000000 1.000000 -0.000004
vn -0.000000 1.000000 -0.000004
vn -0.000000 1.000000 -0.000004
vn 0.000000 -1.000000 0.000000
vn 0.000000 -1.000000 0.000000
vn 0.000000 -1.000000 0.000000
vn 0.000000 -1.000000 0.000000
vn 0.000000 1.000000 -0.000019
vn 0.000000 1.000000 -0.000019
vn 0.000000 1.000000 -0.000019
vn 0.000000 1.000000 -0.000019
vn -0.821733 0.569873 -0.000002
vn -0.821733 0.569873 -0.000002
vn -0.821733 0.569873 -0.000002
vn -0.821733 0.569873 -0.000002
vn 0.000000 0.569872 0.821734
vn 0.000000 0.569872 0.821734
vn 0.000000 0.569871 0.821734
vn 0.000000 0.569872 0.821734
vn 0.821732 0.569873 -0.000002
vn 0.821733 0.569873 -0.000002
vn 0.821733 0.569873 -0.000002
vn 0.821733 0.569873 -0.000002
vn 0.000000 0.569867 -0.821737
vn 0.000000 0.569867 -0.821737
vn 0.000000 0.569868 -0.821737
vn 0.000000 0.569867 -0.821737
vn -0.967583 0.252553 0.000000
vn -0.967583 0.252553 0.000000
vn -0.967583 0.252553 0.000000
vn -0.967583 0.252553 0.000000
vn 0.000000 0.252555 0.967582
vn 0.000000 0.252555 0.967582
vn 0.000000 0.252555 0.967582
vn 0.000000 0.252555 0.967582
vn 0.967583 0.252555 0.000000
vn 0.967583 0.252555 0.000000
vn 0.967583 0.252555 0.000000
vn 0.967583 0.252555 0.000000
vn 0.000000 0.252556 -0.967582
vn 0.000000 0.252556 -0.967582
vn 0.000000 0.252556 -0.967582
vn 0.000000 0.252556 -0.967582
vn -0.000015 1.000000 -0.000002
vn -0.000015 1.000000 -0.000002
vn -0.000015 1.000000 -0.000002
vn -0.000015 1.000000 -0.000002
vn 0.000000 1.000000 0.000000
vn 0.000000 1.000000 0.000000
vn 0.000000 1.000000 0.000000
vn 0.000000 1.000000 0.000000
vn 0.000015 1.000000 -0.000002
vn 0.000015 1.000000 -0.000002
vn 0.000015 1.000000 -0.000002
vn 0.000015 1.000000 -0.000002
vn 0.000000 1.000000 -0.000039
vn 0.000000 1.000000 -0.000039
vn 0.000000 1.000000 -0.000039
vn 0.000000 1.000000 -0.000039
vn 0.000000 0.707109 -0.707104
vn 0.000000 0.707109 -0.707104
vn 0.000000 0.707109 -0.707104
vn 0.000000 0.707109 -0.707104
vn 0.000000 0.965924 -0.258826
vn 0.000000 0.965924 -0.258826
vn 0.000000 0.965924 -0.258826
vn 0.000000 0.965924 -0.258826
vn 0.000000 0.965926 0.258817
vn 0.000000 0.965926 0.258817
vn 0.000000 0.965926 0.258817
vn 0.000000 0.965926 0.258817
vn 0.000000 0.707104 0.707109
vn 0.000000 0.707104 0.707109
vn 0.000000 0.707104 0.707109
vn 0.000000 0.707104 0.707109
vn 0.000000 0.258818 0.965926
vn 0.000000 0.258818 0.965926
vn 0.000000 0.258818 0.965926
vn 0.000000 0.258818 0.965926
vn 0.000000 -0.258817 0.965926
vn 0.000000 -0.258817 0.965926
vn 0.000000 -0.258817 0.965926
vn 0.000000 -0.258817 0.965926
vn 0.000000 -0.707104 0.707109
vn 0.000000 -0.707104 0.707109
vn 0.000000 -0.707104 0.707109
vn 0.000000 -0.707104 0.707109
vn 0.000000 -0.965927 0.258815
vn 0.000000 -0.965927 0.258815
vn 0.000000 -0.965927 0.258815
vn 0.000000 -0.965927 0.258815
vn 0.000000 -0.965925 -0.258824
vn 0.000000 -0.965925 -0.258824
vn 0.000000 -0.965925 -0.258824
vn 0.000000 -0.965925 -0.258824
vn 0.000000 -0.707109 -0.707104
vn 0.000000 -0.707109 -0.707104
vn 0.000000 -0.707109 -0.707104
vn 0.000000 -0.707109 -0.707104
vn 0.000000 -0.258824 -0.965925
vn 0.000000 -0.258824 -0.965925
vn 0.000000 -0.258824 -0.965925
vn 0.000000 -0.258824 -0.965925
vn 0.000000 0.258825 -0.965924
vn 0.000000 0.258825 -0.965924
vn 0.000000 0.258825 -0.965924
vn 0.000000 0.258825 -0.965924
vn 1.000000 0.000000 0.000000
vn 1.000000 0.000000 0.000000
vn 1.000000 0.000000 0.000000
vn 1.000000 0.000000 0.000000
vn 1.000000 0.000000 0.000000
vn 1.000000 0.000000 0.000000
vn 1.000000 0.000000 0.000000
vn 1.000000 0.000000 0.000000
vn 1.000000 0.000000 0.000000
vn 1.000000 0.000000 0.000000
vn 1.000000 0.000000 0.000000
vn 1.000000 0.000000 0.000000
vn 1.000000 0.000000 0.000000
vn 1.000000 0.000000 0.000000
vn 1.000000 0.000000 0.000000
vn 1.000000 -0.000000 0.000000
vn 1.000000 -0.000000 0.000000
vn 1.000000 -0.000000 0.000000
vn 1.000000 0.000000 0.000000
vn 1.000000 0.000000 0.000000
vn 1.000000 0.000000 0.000000
vn 1.000000 0.000000 0.000000
vn 1.000000 0.000000 0.000000
vn 1.000000 0.000000 0.000000
vn 1.000000 0.000000 0.000000
vn 1.000000 0.000000 0.000000
vn 1.000000 0.000000 0.000000
vn 1.000000 0.000000 0.000000
vn 1.000000 0.000000 0.000000
vn 1.000000 0.000000 0.000000
vn 1.000000 0.000000 0.000000
vn 1.000000 0.000000 0.000000
vn 1.000000 0.000000 0.000000
vn 1.000000 -0.000000 0.000000
vn 1.000000 -0.000000 0.000000
vn 1.000000 -0.000000 0.000000
vn 0.707107 0.707107 0.000000
vn 0.707107 0.707107 0.000000
vn 0.707107 0.707107 0.000000
vn 0.707107 0.707107 0.000000
vn 0.258815 0.965927 0.000000
vn 0.258815 0.965927 0.000000
vn 0.258815 0.965927 0.000000
vn 0.258815 0.965927 0.000000
vn -0.258815 0.965927 0.000000
vn -0.258815 0.965927 0.000000
vn -0.258815 0.965927 0.000000
vn -0.258815 0.965927 0.000000
vn -0.707108 0.707106 0.000000
vn -0.707108 0.707106 0.000000
vn -0.707108 0.707106 0.000000
vn -0.707108 0.707106 0.000000
vn -0.965926 0.258817 0.000000
vn -0.965926 0.258817 0.000000
vn -0.965926 0.258817 0.000000
vn -0.965926 0.258817 0.000000
vn -0.965926 -0.258817 0.000000
vn -0.965926 -0.258817 0.000000
vn -0.965926 -0.258817 0.000000
vn -0.965926 -0.258817 0.000000
vn -0.707108 -0.707106 0.000000
vn -0.707108 -0.707106 0.000000
vn -0.707108 -0.707106 0.000000
vn -0.707108 -0.707106 0.000000
vn -0.258821 -0.965925 0.000000
vn -0.258821 -0.965925 0.000000
vn -0.258821 -0.965925 0.000000
vn -0.258821 -0.965925 0.000000
vn 0.258822 -0.965925 0.000000
vn 0.258822 -0.965925 0.000000
vn 0.258822 -0.965925 0.000000
vn 0.258822 -0.965925 0.000000
vn 0.707107 -0.707107 0.000000
vn 0.707107 -0.707107 0.000000
vn 0.707107 -0.707107 0.000000
vn 0.707107 -0.707107 0.000000
vn 0.965927 -0.258816 0.000000
vn 0.965927 -0.258816 0.000000
vn 0.965927 -0.258816 0.000000
vn 0.965927 -0.258816 0.000000
vn 0.965927 0.258816 0.000000
vn 0.965927 0.258816 0.000000
vn 0.965927 0.258816 0.000000
vn 0.965927 0.258816 0.000000
vn 0.000000 0.000000 1.000000
vn 0.000000 0.000000 1.000000
vn 0.000000 0.000000 1.000000
vn 0.000000 0.000000 1.000000
vn 0.000000 0.000000 1.000000
vn 0.000000 0.000000 1.000000
vn 0.000000 0.000000 1.000000
vn 0.000000 0.000000 1.000000
vn 0.000000 0.000000 1.000000
vn 0.000000 0.000000 1.000000
vn 0.000000 0.000000 1.000000
vn 0.000000 0.000000 1.000000
vn 0.000000 0.000000 1.000000
vn 0.000000 0.000000 1.000000
vn 0.000000 0.000000 1.000000
vn 0.000000 0.000000 1.000000
vn 0.000000 0.000000 1.000000
vn 0.000000 0.000000 1.000000
vn 0.000000 0.000000 1.000000
vn 0.000000 0.000000 1.000000
vn 0.000000 0.000000 1.000000
vn 0.000000 0.000000 1.000000
vn 0.000000 0.000000 1.000000
vn 0.000000 0.000000 1.000000
vn 0.000000 0.000000 1.000000
vn 0.000000 0.000000 1.000000
vn 0.000000 0.000000 1.000000
vn 0.000000 0.000000 1.000000
vn 0.000000 0.000000 1.000000
vn 0.000000 0.000000 1.000000
vn 0.000000 0.000000 1.000000
vn 0.000000 0.000000 1.000000
vn 0.000000 0.000000 1.000000
vn 0.000000 0.000000 1.000000
vn 0.000000 0.000000 1.000000
vn 0.000000 0.000000 1.000000
s off
g Big_Ben
usemtl initialShadingGroup
f 1/177/1 13/2/2 14/3/3 2/4/4
f 2/4/5 14/3/6 15/5/7 3/6/8
f 3/6/9 15/5/10 16/7/11 4/8/12
f 4/8/13 16/7/14 17/9/15 5/184/16
f 5/184/17 17/9/18 18/11/19 6/183/20
f 6/183/21 18/11/22 19/13/23 7/182/24
f 7/182/25 19/13/26 20/15/27 8/181/28
f 8/181/29 20/15/30 21/17/31 9/180/32
f 9/180/33 21/17/34 22/19/35 10/179/36
f 10/179/37 22/19/38 23/21/39 11/178/40
f 11/178/41 23/21/42 24/23/43 12/176/44
f 12/176/45 24/23/46 13/2/47 1/177/48
f 2/4/49 25/25/50 1/1/51
f 3/6/52 25/25/53 2/4/54
f 4/8/55 25/25/56 3/6/57
f 5/10/58 25/25/59 4/8/60
f 6/12/61 25/25/62 5/10/63
f 7/14/64 25/25/65 6/12/66
f 8/16/67 25/25/68 7/14/69
f 9/18/70 25/25/71 8/16/72
f 10/20/73 25/25/74 9/18/75
f 11/22/76 25/25/77 10/20/78
f 12/24/79 25/25/80 11/22/81
f 1/1/82 25/25/83 12/24/84
f 26/168/85 38/27/86 39/28/87 27/29/88
f 27/29/89 39/28/90 40/30/91 28/31/92
f 28/31/93 40/30/94 41/32/95 29/33/96
f 29/33/97 41/32/98 42/34/99 30/175/100
f 30/175/101 42/34/102 43/36/103 31/174/104
f 31/174/105 43/36/106 44/38/107 32/173/108
f 32/173/109 44/38/110 45/40/111 33/172/112
f 33/172/113 45/40/114 46/42/115 34/171/116
f 34/171/117 46/42/118 47/44/119 35/170/120
f 35/170/121 47/44/122 48/46/123 36/169/124
f 36/169/125 48/46/126 49/48/127 37/167/128
f 37/167/129 49/48/130 38/27/131 26/168/132
f 27/29/133 50/50/134 26/26/135
f 28/31/136 50/50/137 27/29/138
f 29/33/139 50/50/140 28/31/141
f 30/35/142 50/50/143 29/33/144
f 31/37/145 50/50/146 30/35/147
f 32/39/148 50/50/149 31/37/150
f 33/41/151 50/50/152 32/39/153
f 34/43/154 50/50/155 33/41/156
f 35/45/157 50/50/158 34/43/159
f 36/47/160 50/50/161 35/45/162
f 37/49/163 50/50/164 36/47/165
f 26/26/166 50/50/167 37/49/168
f 75/204/169 51/206/170 52/53/171 78/54/172
f 55/55/173 53/209/174 54/207/175 56/58/176
f 58/195/177 57/60/178 76/61/179 77/62/180
f 78/54/181 52/53/182 58/59/183 77/193/184
f 57/60/185 51/52/186 75/51/187 76/61/188
f 92/198/189 53/209/190 55/55/191 91/64/192
f 91/64/193 55/55/194 56/58/195 94/187/196
f 54/57/197 93/66/198 94/65/199 56/208/200
f 53/56/201 92/63/202 93/66/203 54/57/204
f 96/196/205 59/68/206 60/69/207 95/70/208
f 95/70/209 60/69/210 61/71/211 98/185/212
f 62/73/213 97/74/214 98/72/215 61/188/216
f 59/197/217 96/67/218 97/74/219 62/73/220
f 88/199/221 63/76/222 64/77/223 87/78/224
f 87/78/225 64/77/226 65/79/227 90/189/228
f 66/81/229 89/82/230 90/80/231 65/186/232
f 63/200/233 88/75/234 89/82/235 66/81/236
f 71/83/237 67/84/238 68/85/239 72/86/240
f 72/86/241 68/85/242 69/87/243 73/88/244
f 70/89/245 74/90/246 73/194/247 69/190/248
f 67/205/249 71/203/250 74/90/251 70/89/252
f 80/91/253 79/201/254 81/93/255 82/94/256
f 84/192/257 80/91/258 82/94/259 83/191/260
f 85/97/261 84/95/262 83/96/263 86/98/264
f 81/202/265 79/92/266 85/97/267 86/98/268
f 75/51/269 79/201/270 80/91/271 76/61/272
f 81/93/273 71/83/274 72/86/275 82/94/276
f 82/94/277 72/86/278 73/88/279 83/191/280
f 76/61/281 80/91/282 84/192/283 77/62/284
f 85/97/285 78/54/286 77/193/287 84/95/288
f 74/90/289 86/98/290 83/96/291 73/194/292
f 79/92/293 75/204/294 78/54/295 85/97/296
f 71/203/297 81/202/298 86/98/299 74/90/300
f 67/84/301 88/199/302 87/78/303 68/85/304
f 88/75/305 67/205/306 70/89/307 89/82/308
f 89/82/309 70/89/310 69/190/311 90/80/312
f 68/85/313 87/78/314 90/189/315 69/87/316
f 59/68/317 92/198/318 91/64/319 60/69/320
f 92/63/321 59/197/322 62/73/323 93/66/324
f 93/66/325 62/73/326 61/188/327 94/65/328
f 60/69/329 91/64/330 94/187/331 61/71/332
f 63/76/333 96/196/334 95/70/335 64/77/336
f 96/67/337 63/200/338 66/81/339 97/74/340
f 97/74/341 66/81/342 65/186/343 98/72/344
f 64/77/345 95/70/346 98/185/347 65/79/348
f 99/159/349 111/100/350 112/101/351 100/102/352
f 100/102/353 112/101/354 113/103/355 101/104/356
f 101/104/357 113/103/358 114/105/359 102/106/360
f 102/106/361 114/105/362 115/107/363 103/166/364
f 103/166/365 115/107/366 116/109/367 104/165/368
f 104/165/369 116/109/370 117/111/371 105/164/372
f 105/164/373 117/111/374 118/113/375 106/163/376
f 106/163/377 118/113/378 119/115/379 107/162/380
f 107/162/381 119/115/382 120/117/383 108/161/384
f 108/161/385 120/117/386 121/119/387 109/160/388
f 109/160/389 121/119/390 122/121/391 110/158/392
f 110/158/393 122/121/394 111/100/395 99/159/396
f 100/102/397 123/123/398 99/99/399
f 101/104/400 123/123/401 100/102/402
f 102/106/403 123/123/404 101/104/405
f 103/108/406 123/123/407 102/106/408
f 104/110/409 123/123/410 103/108/411
f 105/112/412 123/123/413 104/110/414
f 106/114/415 123/123/416 105/112/417
f 107/116/418 123/123/419 106/114/420
f 108/118/421 123/123/422 107/116/423
f 109/120/424 123/123/425 108/118/426
f 110/122/427 123/123/428 109/120/429
f 99/99/430 123/123/431 110/122/432
f 124/150/433 136/125/434 137/126/435 125/127/436
f 125/127/437 137/126/438 138/128/439 126/129/440
f 126/129/441 138/128/442 139/130/443 127/131/444
f 127/131/445 139/130/446 140/132/447 128/157/448
f 128/157/449 140/132/450 141/134/451 129/156/452
f 129/156/453 141/134/454 142/136/455 130/155/456
f 130/155/457 142/136/458 143/138/459 131/154/460
f 131/154/461 143/138/462 144/140/463 132/153/464
f 132/153/465 144/140/466 145/142/467 133/152/468
f 133/152/469 145/142/470 146/144/471 134/151/472
f 134/151/473 146/144/474 147/146/475 135/149/476
f 135/149/477 147/146/478 136/125/479 124/150/480
f 125/127/481 148/148/482 124/124/483
f 126/129/484 148/148/485 125/127/486
f 127/131/487 148/148/488 126/129/489
f 128/133/490 148/148/491 127/131/492
f 129/135/493 148/148/494 128/133/495
f 130/137/496 148/148/497 129/135/498
f 131/139/499 148/148/500 130/137/501
f 132/141/502 148/148/503 131/139/504
f 133/143/505 148/148/506 132/141/507
f 134/145/508 148/148/509 133/143/510
f 135/147/511 148/148/512 134/145/513
f 124/124/514 148/148/515 135/147/516
g default
v -98.787628 -200.000000 -121.270508
v -101.212432 -200.000000 -121.270508
v -98.787628 -105.250977 -121.270508
v -101.212432 -105.250977 -121.270508
v -98.787628 -105.250977 -78.729492
v -101.212432 -105.250977 -78.729492
v -98.787628 -200.000000 -78.729492
v -101.212432 -200.000000 -78.729492
v -98.787628 -200.000000 78.729500
v -101.212432 -200.000000 78.729500
v -98.787628 -105.250977 78.729500
v -101.212432 -105.250977 78.729500
v -98.787628 -105.250977 121.270500
v -101.212432 -105.250977 121.270500
v -98.787628 -200.000000 121.270500
v -101.212432 -200.000000 121.270500
v -98.787628 -200.000000 200.000000
v 101.212372 -200.000000 200.000000
v -98.787628 200.000000 100.000000
v 101.212372 200.000000 100.000000
v -98.787628 200.000000 -100.000000
v 101.212372 200.000000 -100.000000
v -98.787628 -200.000000 -200.000000
v 101.212372 -200.000000 -200.000000
v -98.787628 100.000000 200.000000
v -98.787628 100.000000 -200.000000
v 101.212372 100.000000 -200.000000
v 101.212372 100.000000 200.000000
v -98.787628 100.000000 0.000000
v -98.787628 -200.000000 0.000000
v 101.212372 -200.000000 0.000000
v 101.212372 100.000000 0.000000
v -98.787628 6.928345 -79.609802
v -100.166900 6.928345 -79.609802
v -98.787628 53.108398 -79.609802
v -100.166900 53.108398 -79.609802
v -98.787628 53.108398 -46.346664
v -100.166900 53.108398 -46.346664
v -98.787628 6.928345 -46.346664
v -100.166900 6.928345 -46.346664
v -98.787628 -78.938477 -152.808044
v -100.166900 -78.938477 -152.808044
v -98.787628 -32.758423 -152.808044
v -100.166900 -32.758423 -152.808044
v -98.787628 -32.758423 -119.544922
v -100.166900 -32.758423 -119.544922
v -98.787628 -78.938477 -119.544922
v -100.166900 -78.938477 -119.544922
v -98.787628 6.928345 -152.808044
v -100.166900 6.928345 -152.808044
v -98.787628 53.108398 -152.808044
v -100.166900 53.108398 -152.808044
v -98.787628 53.108398 -119.544922
v -100.166900 53.108398 -119.544922
v -98.787628 6.928345 -119.544922
v -100.166900 6.928345 -119.544922
v -98.787628 -78.938477 -79.609802
v -100.166900 -78.938477 -79.609802
v -98.787628 -32.758423 -79.609802
v -100.166900 -32.758423 -79.609802
v -98.787628 -32.758423 -46.346664
v -100.166900 -32.758423 -46.346664
v -98.787628 -78.938477 -46.346664
v -100.166900 -78.938477 -46.346664
v -98.787628 -78.938477 119.112190
v -100.166900 -78.938477 119.112190
v -98.787628 -32.758423 119.112190
v -100.166900 -32.758423 119.112190
v -98.787628 -32.758423 152.375328
v -100.166900 -32.758423 152.375328
v -98.787628 -78.938477 152.375328
v -100.166900 -78.938477 152.375328
v -98.787628 -78.938477 45.913925
v -100.166900 -78.938477 45.913925
v -98.787628 -32.758423 45.913925
v -100.166900 -32.758423 45.913925
v -98.787628 -32.758423 79.177071
v -100.166900 -32.758423 79.177071
v -98.787628 -78.938477 79.177071
v -100.166900 -78.938477 79.177071
v -98.787628 6.928345 45.913925
v -100.166900 6.928345 45.913925
v -98.787628 53.108398 45.913925
v -100.166900 53.108398 45.913925
v -98.787628 53.108398 79.177071
v -100.166900 53.108398 79.177071
v -98.787628 6.928345 79.177071
v -100.166900 6.928345 79.177071
v -98.787628 6.928345 119.112190
v -100.166900 6.928345 119.112190
v -98.787628 53.108398 119.112190
v -100.166900 53.108398 119.112190
v -98.787628 53.108398 152.375328
v -100.166900 53.108398 152.375328
v -98.787628 6.928345 152.375328
v -100.166900 6.928345 152.375328
vt 0.459026 0.078810
vt 0.460541 0.078809
vt 0.460544 0.138028
vt 0.460545 0.139543
vt 0.487133 0.138026
vt 0.488648 0.138026
vt 0.487129 0.078808
vt 0.459028 0.078807
vt 0.460544 0.078807
vt 0.460541 0.138027
vt 0.460540 0.139543
vt 0.487130 0.138029
vt 0.488645 0.138029
vt 0.487133 0.078808
vt 0.872507 0.116769
vt 0.872496 0.059536
vt 0.958344 0.059521
vt 0.958355 0.116753
vt 0.885304 0.392784
vt 0.947054 0.392778
vt 0.947058 0.436442
vt 0.885308 0.436448
vt 0.958376 0.231217
vt 0.947067 0.523769
vt 0.872538 0.288465
vt 0.872528 0.231233
vt 0.872517 0.174001
vt 0.872485 0.002304
vt 0.885313 0.480112
vt 0.947063 0.480106
vt 0.494340 0.093988
vt 0.495203 0.093988
vt 0.495208 0.122852
vt 0.495208 0.123714
vt 0.515998 0.122848
vt 0.516860 0.122847
vt 0.515993 0.093984
vt 0.515993 0.093122
vt 0.494342 0.093989
vt 0.495204 0.093989
vt 0.495208 0.122850
vt 0.495208 0.123712
vt 0.515997 0.122847
vt 0.516859 0.122847
vt 0.515993 0.093985
vt 0.515992 0.093123
vt 0.494347 0.093985
vt 0.495209 0.093986
vt 0.495204 0.122846
vt 0.495203 0.123708
vt 0.515992 0.122850
vt 0.516854 0.122850
vt 0.515997 0.093989
vt 0.515997 0.093127
vt 0.494345 0.093983
vt 0.495207 0.093984
vt 0.495202 0.122849
vt 0.495202 0.123711
vt 0.515994 0.122852
vt 0.516856 0.122852
vt 0.515998 0.093987
vt 0.515999 0.093125
vt 0.494342 0.093985
vt 0.495204 0.093985
vt 0.495205 0.122851
vt 0.495205 0.123713
vt 0.515997 0.122851
vt 0.516859 0.122851
vt 0.515996 0.093985
vt 0.515996 0.093123
vt 0.494341 0.093984
vt 0.495204 0.093984
vt 0.495204 0.122852
vt 0.495204 0.123714
vt 0.515997 0.122851
vt 0.516859 0.122851
vt 0.515997 0.093984
vt 0.515997 0.093122
vt 0.494345 0.093986
vt 0.495207 0.093986
vt 0.495205 0.122848
vt 0.495205 0.123710
vt 0.515994 0.122849
vt 0.516856 0.122850
vt 0.515996 0.093988
vt 0.515996 0.093126
vt 0.494344 0.093985
vt 0.495206 0.093985
vt 0.495205 0.122849
vt 0.495205 0.123711
vt 0.515995 0.122850
vt 0.516857 0.122850
vt 0.515996 0.093986
vt 0.515996 0.093124
vt 0.990726 0.480101
vt 0.958397 0.345681
vt 0.990718 0.392774
vt 0.958365 0.173985
vt 0.841649 0.480116
vt 0.841640 0.392788
vt 0.947050 0.349114
vt 0.885300 0.349120
vt 0.885317 0.523776
vt 0.958387 0.288449
vt 0.516858 0.093986
vt 0.515995 0.123712
vt 0.494342 0.122849
vt 0.495206 0.093123
vt 0.516858 0.093988
vt 0.515994 0.123711
vt 0.494343 0.122848
vt 0.495207 0.093124
vt 0.516859 0.093984
vt 0.515997 0.123713
vt 0.494342 0.122852
vt 0.495204 0.093122
vt 0.516858 0.093985
vt 0.515997 0.123713
vt 0.494342 0.122851
vt 0.495204 0.093123
vt 0.516861 0.093987
vt 0.515994 0.123714
vt 0.494340 0.122849
vt 0.495207 0.093121
vt 0.516859 0.093990
vt 0.515992 0.123712
vt 0.494342 0.122846
vt 0.495209 0.093124
vt 0.516855 0.093985
vt 0.515997 0.123709
vt 0.494346 0.122851
vt 0.495203 0.093127
vt 0.516855 0.093984
vt 0.515998 0.123710
vt 0.494346 0.122852
vt 0.495202 0.093126
vt 0.488649 0.078808
vt 0.487130 0.139544
vt 0.459025 0.138027
vt 0.488645 0.078808
vt 0.487133 0.139542
vt 0.459029 0.138028
vt 0.872549 0.345697
vt 0.958334 0.002288
vn 0.000000 0.000000 -1.000000
vn 0.000000 0.000000 -1.000000
vn 0.000000 0.000000 -1.000000
vn 0.000000 0.000000 -1.000000
vn 0.000000 1.000000 0.000000
vn 0.000000 1.000000 0.000000
vn 0.000000 1.000000 0.000000
vn 0.000000 1.000000 0.000000
vn 0.000000 0.000000 1.000000
vn 0.000000 0.000000 1.000000
vn 0.000000 0.000000 1.000000
vn 0.000000 0.000000 1.000000
vn -1.000000 0.000000 0.000000
vn -1.000000 0.000000 0.000000
vn -1.000000 0.000000 0.000000
vn -1.000000 0.000000 0.000000
vn 0.000000 0.000000 -1.000000
vn 0.000000 0.000000 -1.000000
vn 0.000000 0.000000 -1.000000
vn 0.000000 0.000000 -1.000000
vn 0.000000 1.000000 0.000000
vn 0.000000 1.000000 0.000000
vn 0.000000 1.000000 0.000000
vn 0.000000 1.000000 0.000000
vn 0.000000 0.000000 1.000000
vn 0.000000 0.000000 1.000000
vn 0.000000 0.000000 1.000000
vn 0.000000 0.000000 1.000000
vn -1.000000 0.000000 0.000000
vn -1.000000 0.000000 0.000000
vn -1.000000 0.000000 0.000000
vn -1.000000 0.000000 0.000000
vn 0.000000 0.000000 1.000000
vn 0.000000 0.000000 1.000000
vn 0.000000 0.000000 1.000000
vn 0.000000 0.000000 1.000000
vn 0.000000 0.707107 -0.707107
vn 0.000000 0.707107 -0.707107
vn 0.000000 0.707107 -0.707107
vn 0.000000 0.707107 -0.707107
vn 0.000000 0.000000 -1.000000
vn 0.000000 0.000000 -1.000000
vn 0.000000 0.000000 -1.000000
vn 0.000000 0.000000 -1.000000
vn 1.000000 0.000000 0.000000
vn 1.000000 0.000000 0.000000
vn 1.000000 0.000000 0.000000
vn 1.000000 0.000000 0.000000
vn -1.000000 0.000000 0.000000
vn -1.000000 0.000000 0.000000
vn -1.000000 0.000000 0.000000
vn -1.000000 0.000000 0.000000
vn -1.000000 0.000000 0.000000
vn -1.000000 0.000000 0.000000
vn -1.000000 0.000000 0.000000
vn 0.000000 0.707107 -0.707107
vn 0.000000 0.707107 -0.707107
vn 0.000000 0.707107 -0.707107
vn 0.000000 0.707107 -0.707107
vn 1.000000 0.000000 0.000000
vn 1.000000 0.000000 0.000000
vn 1.000000 0.000000 0.000000
vn 0.000000 0.707107 0.707107
vn 0.000000 0.707107 0.707107
vn 0.000000 0.707107 0.707107
vn 0.000000 0.707107 0.707107
vn -1.000000 0.000000 0.000000
vn -1.000000 0.000000 0.000000
vn -1.000000 0.000000 0.000000
vn -1.000000 0.000000 0.000000
vn -1.000000 0.000000 0.000000
vn -1.000000 0.000000 0.000000
vn -1.000000 0.000000 0.000000
vn 1.000000 0.000000 0.000000
vn 1.000000 0.000000 0.000000
vn 1.000000 0.000000 0.000000
vn 1.000000 0.000000 0.000000
vn 1.000000 0.000000 0.000000
vn 1.000000 0.000000 0.000000
vn 1.000000 0.000000 0.000000
vn 0.000000 0.707107 0.707107
vn 0.000000 0.707107 0.707107
vn 0.000000 0.707107 0.707107
vn 0.000000 0.707107 0.707107
vn 0.000000 0.000000 -1.000000
vn 0.000000 0.000000 -1.000000
vn 0.000000 0.000000 -1.000000
vn 0.000000 0.000000 -1.000000
vn 0.000000 1.000000 0.000000
vn 0.000000 1.000000 0.000000
vn 0.000000 1.000000 0.000000
vn 0.000000 1.000000 0.000000
vn 0.000000 0.000000 1.000000
vn 0.000000 0.000000 1.000000
vn 0.000000 0.000000 1.000000
vn 0.000000 0.000000 1.000000
vn 0.000000 -1.000000 0.000000
vn 0.000000 -1.000000 0.000000
vn 0.000000 -1.000000 0.000000
vn 0.000000 -1.000000 0.000000
vn -1.000000 0.000000 0.000000
vn -1.000000 0.000000 0.000000
vn -1.000000 0.000000 0.000000
vn -1.000000 0.000000 0.000000
vn 0.000000 0.000000 -1.000000
vn 0.000000 0.000000 -1.000000
vn 0.000000 0.000000 -1.000000
vn 0.000000 0.000000 -1.000000
vn 0.000000 1.000000 0.000000
vn 0.000000 1.000000 0.000000
vn 0.000000 1.000000 0.000000
vn 0.000000 1.000000 0.000000
vn 0.000000 0.000000 1.000000
vn 0.000000 0.000000 1.000000
vn 0.000000 0.000000 1.000000
vn 0.000000 0.000000 1.000000
vn 0.000000 -1.000000 0.000000
vn 0.000000 -1.000000 0.000000
vn 0.000000 -1.000000 0.000000
vn 0.000000 -1.000000 0.000000
vn -1.000000 0.000000 0.000000
vn -1.000000 0.000000 0.000000
vn -1.000000 0.000000 0.000000
vn -1.000000 0.000000 0.000000
vn 0.000000 0.000000 -1.000000
vn 0.000000 0.000000 -1.000000
vn 0.000000 0.000000 -1.000000
vn 0.000000 0.000000 -1.000000
vn 0.000000 1.000000 0.000000
vn 0.000000 1.000000 0.000000
vn 0.000000 1.000000 0.000000
vn 0.000000 1.000000 0.000000
vn 0.000000 0.000000 1.000000
vn 0.000000 0.000000 1.000000
vn 0.000000 0.000000 1.000000
vn 0.000000 0.000000 1.000000
vn 0.000000 -1.000000 0.000000
vn 0.000000 -1.000000 0.000000
vn 0.000000 -1.000000 0.000000
vn 0.000000 -1.000000 0.000000
vn -1.000000 0.000000 0.000000
vn -1.000000 0.000000 0.000000
vn -1.000000 0.000000 0.000000
vn -1.000000 0.000000 0.000000
vn 0.000000 0.000000 -1.000000
vn 0.000000 0.000000 -1.000000
vn 0.000000 0.000000 -1.000000
vn 0.000000 0.000000 -1.000000
vn 0.000000 1.000000 0.000000
vn 0.000000 1.000000 0.000000
vn 0.000000 1.000000 0.000000
vn 0.000000 1.000000 0.000000
vn 0.000000 0.000000 1.000000
vn 0.000000 0.000000 1.000000
vn 0.000000 0.000000 1.000000
vn 0.000000 0.000000 1.000000
vn 0.000000 -1.000000 0.000000
vn 0.000000 -1.000000 0.000000
vn 0.000000 -1.000000 0.000000
vn 0.000000 -1.000000 0.000000
vn -1.000000 0.000000 0.000000
vn -1.000000 0.000000 0.000000
vn -1.000000 0.000000 0.000000
vn -1.000000 0.000000 0.000000
vn 0.000000 0.000000 -1.000000
vn 0.000000 0.000000 -1.000000
vn 0.000000 0.000000 -1.000000
vn 0.000000 0.000000 -1.000000
vn 0.000000 1.000000 0.000000
vn 0.000000 1.000000 0.000000
vn 0.000000 1.000000 0.000000
vn 0.000000 1.000000 0.000000
vn 0.000000 0.000000 1.000000
vn 0.000000 0.000000 1.000000
vn 0.000000 0.000000 1.000000
vn 0.000000 0.000000 1.000000
vn 0.000000 -1.000000 0.000000
vn 0.000000 -1.000000 0.000000
vn 0.000000 -1.000000 0.000000
vn 0.000000 -1.000000 0.000000
vn -1.000000 0.000000 0.000000
vn -1.000000 0.000000 0.000000
vn -1.000000 0.000000 0.000000
vn -1.000000 0.000000 0.000000
vn 0.000000 0.000000 -1.000000
vn 0.000000 0.000000 -1.000000
vn 0.000000 0.000000 -1.000000
vn 0.000000 0.000000 -1.000000
vn 0.000000 1.000000 0.000000
vn 0.000000 1.000000 0.000000
vn 0.000000 1.000000 0.000000
vn 0.000000 1.000000 0.000000
vn 0.000000 0.000000 1.000000
vn 0.000000 0.000000 1.000000
vn 0.000000 0.000000 1.000000
vn 0.000000 0.000000 1.000000
vn 0.000000 -1.000000 0.000000
vn 0.000000 -1.000000 0.000000
vn 0.000000 -1.000000 0.000000
vn 0.000000 -1.000000 0.000000
vn -1.000000 0.000000 0.000000
vn -1.000000 0.000000 0.000000
vn -1.000000 0.000000 0.000000
vn -1.000000 0.000000 0.000000
vn 0.000000 0.000000 -1.000000
vn 0.000000 0.000000 -1.000000
vn 0.000000 0.000000 -1.000000
vn 0.000000 0.000000 -1.000000
vn 0.000000 1.000000 0.000000
vn 0.000000 1.000000 0.000000
vn 0.000000 1.000000 0.000000
vn 0.000000 1.000000 0.000000
vn 0.000000 0.000000 1.000000
vn 0.000000 0.000000 1.000000
vn 0.000000 0.000000 1.000000
vn 0.000000 0.000000 1.000000
vn 0.000000 -1.000000 0.000000
vn 0.000000 -1.000000 0.000000
vn 0.000000 -1.000000 0.000000
vn 0.000000 -1.000000 0.000000
vn -1.000000 0.000000 0.000000
vn -1.000000 0.000000 0.000000
vn -1.000000 0.000000 0.000000
vn -1.000000 0.000000 0.000000
vn 0.000000 0.000000 -1.000000
vn 0.000000 0.000000 -1.000000
vn 0.000000 0.000000 -1.000000
vn 0.000000 0.000000 -1.000000
vn 0.000000 1.000000 0.000000
vn 0.000000 1.000000 0.000000
vn 0.000000 1.000000 0.000000
vn 0.000000 1.000000 0.000000
vn 0.000000 0.000000 1.000000
vn 0.000000 0.000000 1.000000
vn 0.000000 0.000000 1.000000
vn 0.000000 0.000000 1.000000
vn 0.000000 -1.000000 0.000000
vn 0.000000 -1.000000 0.000000
vn 0.000000 -1.000000 0.000000
vn 0.000000 -1.000000 0.000000
vn -1.000000 0.000000 0.000000
vn -1.000000 0.000000 0.000000
vn -1.000000 0.000000 0.000000
vn -1.000000 0.000000 0.000000
s off
g Cheap_House
usemtl initialShadingGroup
f 149/210/517 150/211/518 152/212/519 151/351/520
f 151/213/521 152/212/522 154/214/523 153/350/524
f 153/215/525 154/214/526 156/216/527 155/349/528
f 150/211/529 156/216/530 154/214/531 152/212/532
f 157/217/533 158/218/534 160/219/535 159/348/536
f 159/220/537 160/219/538 162/221/539 161/347/540
f 161/222/541 162/221/542 164/223/543 163/346/544
f 158/218/545 164/223/546 162/221/547 160/219/548
f 165/224/549 166/225/550 176/226/551 173/227/552
f 167/228/553 168/229/554 180/230/555 177/231/556
f 174/232/557 175/313/558 172/234/559 171/235/560
f 166/225/561 179/237/562 180/353/563 176/226/564
f 177/307/565 178/236/566 165/224/567 173/227/568
f 177/231/569 173/309/570 167/228/571
f 169/238/572 170/239/573 175/233/574 174/312/575
f 176/306/576 180/230/577 168/229/578
f 173/311/579 176/310/580 168/229/581 167/228/582
f 174/312/583 177/308/584 169/238/585
f 171/235/586 178/236/587 177/307/588 174/232/589
f 180/305/590 179/352/591 172/234/592 175/313/593
f 180/304/594 175/233/595 170/239/596
f 177/231/597 180/230/598 170/239/599 169/238/600
f 181/240/601 182/241/602 184/242/603 183/344/604
f 183/243/605 184/242/606 186/244/607 185/343/608
f 185/245/609 186/244/610 188/246/611 187/342/612
f 187/247/613 188/246/614 182/241/615 181/345/616
f 182/241/617 188/246/618 186/244/619 184/242/620
f 189/248/621 190/249/622 192/250/623 191/340/624
f 191/251/625 192/250/626 194/252/627 193/339/628
f 193/253/629 194/252/630 196/254/631 195/338/632
f 195/255/633 196/254/634 190/249/635 189/341/636
f 190/249/637 196/254/638 194/252/639 192/250/640
f 197/256/641 198/257/642 200/258/643 199/336/644
f 199/259/645 200/258/646 202/260/647 201/335/648
f 201/261/649 202/260/650 204/262/651 203/334/652
f 203/263/653 204/262/654 198/257/655 197/337/656
f 198/257/657 204/262/658 202/260/659 200/258/660
f 205/264/661 206/265/662 208/266/663 207/332/664
f 207/267/665 208/266/666 210/268/667 209/331/668
f 209/269/669 210/268/670 212/270/671 211/330/672
f 211/271/673 212/270/674 206/265/675 205/333/676
f 206/265/677 212/270/678 210/268/679 208/266/680
f 213/272/681 214/273/682 216/274/683 215/328/684
f 215/275/685 216/274/686 218/276/687 217/327/688
f 217/277/689 218/276/690 220/278/691 219/326/692
f 219/279/693 220/278/694 214/273/695 213/329/696
f 214/273/697 220/278/698 218/276/699 216/274/700
f 221/280/701 222/281/702 224/282/703 223/324/704
f 223/283/705 224/282/706 226/284/707 225/323/708
f 225/285/709 226/284/710 228/286/711 227/322/712
f 227/287/713 228/286/714 222/281/715 221/325/716
f 222/281/717 228/286/718 226/284/719 224/282/720
f 229/288/721 230/289/722 232/290/723 231/320/724
f 231/291/725 232/290/726 234/292/727 233/319/728
f 233/293/729 234/292/730 236/294/731 235/318/732
f 235/295/733 236/294/734 230/289/735 229/321/736
f 230/289/737 236/294/738 234/292/739 232/290/740
f 237/296/741 238/297/742 240/298/743 239/316/744
f 239/299/745 240/298/746 242/300/747 241/315/748
f 241/301/749 242/300/750 244/302/751 243/314/752
f 243/303/753 244/302/754 238/297/755 237/317/756
f 238/297/757 244/302/758 242/300/759 240/298/760
g default
v 161.280631 326.471095 -161.280631
v 0.000000 326.471095 -228.085265
v -161.280736 326.471095 -161.280631
v -228.085369 326.471095 0.000139
v -161.280736 326.471095 161.280770
v 0.000000 326.471095 228.085682
v 161.280736 326.471095 161.280770
v 228.085404 326.471095 0.000139
v 161.280631 414.716468 -161.280631
v 0.000000 414.716468 -228.085265
v -161.280736 414.716468 -161.280631
v -228.085369 414.716468 0.000139
v -161.280736 414.716468 161.280770
v 0.000000 414.716468 228.085682
v 161.280736 414.716468 161.280770
v 228.085404 414.716468 0.000139
v 115.624815 479.911717 -115.624710
v 0.000000 479.911717 -163.517912
v -115.624832 479.911717 -115.624710
v -163.518260 479.911717 0.000139
v -115.624832 479.911717 115.625128
v 0.000000 479.911717 163.518469
v 115.624884 479.911717 115.625128
v 163.518295 479.911717 0.000139
v 18.601858 552.311662 -18.601684
v 0.000035 552.311662 -26.306667
v -18.601858 552.311662 -18.601684
v -26.306945 552.311662 0.000139
v -18.601858 552.311662 18.602102
v 0.000035 552.311662 26.307363
v 18.601858 552.311662 18.602102
v 26.307015 552.311662 0.000139
v 18.601858 622.614985 -18.601684
v 0.000035 622.614985 -26.306667
v 0.000035 664.008314 0.000139
v -18.601858 622.614985 -18.601684
v -26.306945 622.614985 0.000139
v -18.601858 622.614985 18.602102
v 0.000035 622.614985 26.307363
v 18.601858 622.614985 18.602102
v 26.307015 622.614985 0.000139
v 188.120272 0.000076 -188.120202
v 0.000000 0.000076 -266.042329
v 0.000000 326.471095 -266.042329
v 188.120272 326.471095 -188.120202
v -188.120411 0.000076 -188.120202
v -188.120411 326.471095 -188.120202
v -266.042398 0.000076 0.000139
v -266.042398 326.471095 0.000139
v -188.120411 0.000076 188.120481
v -188.120411 326.471095 188.120481
v 0.000000 0.000076 266.042746
v 0.000000 326.471095 266.042746
v 188.120376 0.000076 188.120481
v 188.120376 326.471095 188.120481
v 266.042433 0.000076 0.000139
v 266.042433 326.471095 0.000139
vt 0.890130 0.662847
vt 0.910129 0.723253
vt 0.813277 0.755319
vt 0.756422 0.726748
vt 0.930128 0.783660
vt 0.833277 0.815726
vt 0.950128 0.844066
vt 0.853276 0.876132
vt 0.970128 0.904473
vt 0.873276 0.936539
vt 0.990128 0.964880
vt 0.733279 0.513693
vt 0.850130 0.542034
vt 0.753278 0.574100
vt 0.870130 0.602440
vt 0.773278 0.634506
vt 0.748204 0.977596
vt 0.748204 0.971304
vt 0.763204 0.974450
vt 0.748204 0.965012
vt 0.748204 0.958720
vt 0.748204 0.952428
vt 0.748203 0.996472
vt 0.748204 0.990180
vt 0.748204 0.983888
vt 0.755557 0.738577
vt 0.804300 0.763073
vt 0.557910 0.944070
vt 0.601159 0.968181
vt 0.821447 0.814861
vt 0.532912 0.901112
vt 0.796951 0.863605
vt 0.533323 0.851011
vt 0.745163 0.880751
vt 0.559150 0.807166
vt 0.696419 0.856256
vt 0.726074 0.899761
vt 0.679273 0.804468
vt 0.694246 0.941954
vt 0.703768 0.755724
vt 0.650741 0.967150
vt 0.577950 0.923384
vt 0.608446 0.940397
vt 0.560528 0.893078
vt 0.561205 0.857594
vt 0.580354 0.826284
vt 0.696266 0.887343
vt 0.675581 0.920601
vt 0.643898 0.939508
vt 0.726234 0.971303
vt 0.726234 0.977595
vt 0.726234 0.965011
vt 0.726234 0.958719
vt 0.726234 0.952427
vt 0.726234 0.996471
vt 0.726234 0.990180
vt 0.726234 0.983887
vt 0.696015 0.746747
vt 0.793278 0.694913
vt 0.667443 0.803603
vt 0.893276 0.996946
vt 0.687442 0.864009
vt 0.744298 0.892581
vt 0.830131 0.481627
vt 0.804705 0.872582
vt 0.750731 0.983357
vt 0.755362 0.987618
vt 0.748204 0.946136
vt 0.767584 0.959762
vt 0.761313 0.989660
vt 0.761313 0.959240
vt 0.638892 0.880509
vt 0.618978 0.863645
vt 0.726234 0.946135
vt 0.755362 0.961281
vt 0.750732 0.965542
vt 0.629436 0.890196
vt 0.621809 0.890321
vt 0.635785 0.886537
vt 0.613238 0.866563
vt 0.613625 0.807762
vt 0.610087 0.872924
vt 0.610691 0.880391
vt 0.614964 0.886760
vt 0.603655 0.777210
vt 0.584512 0.754028
vt 0.747112 0.919229
vt 0.657333 0.993445
vt 0.594718 0.994554
vt 0.710780 0.963284
vt 0.537001 0.790403
vt 0.506581 0.845761
vt 0.507034 0.909378
vt 0.539434 0.963974
vn 0.382684 0.000000 -0.923879
vn 0.382684 0.000000 -0.923879
vn 0.382684 0.000000 -0.923879
vn 0.382684 0.000000 -0.923879
vn -0.382684 0.000000 -0.923879
vn -0.382684 0.000000 -0.923879
vn -0.382684 0.000000 -0.923879
vn -0.382684 0.000000 -0.923879
vn -0.923880 0.000000 -0.382683
vn -0.923880 0.000000 -0.382683
vn -0.923880 0.000000 -0.382683
vn -0.923880 0.000000 -0.382683
vn -0.923880 0.000000 0.382683
vn -0.923880 0.000000 0.382683
vn -0.923880 0.000000 0.382683
vn -0.923880 0.000000 0.382683
vn -0.382684 0.000000 0.923879
vn -0.382684 0.000000 0.923879
vn -0.382684 0.000000 0.923879
vn -0.382684 0.000000 0.923879
vn 0.382684 0.000000 0.923879
vn 0.382684 0.000000 0.923879
vn 0.382684 0.000000 0.923879
vn 0.382684 0.000000 0.923879
vn 0.923879 0.000000 0.382684
vn 0.923879 0.000000 0.382684
vn 0.923879 0.000000 0.382684
vn 0.923879 0.000000 0.382684
vn 0.923879 0.000000 -0.382684
vn 0.923879 0.000000 -0.382684
vn 0.923879 0.000000 -0.382684
vn 0.923879 0.000000 -0.382684
vn 0.329998 0.506329 -0.796701
vn 0.329998 0.506329 -0.796700
vn 0.329998 0.506329 -0.796701
vn -0.329997 0.506329 -0.796701
vn -0.329997 0.506329 -0.796701
vn -0.329997 0.506329 -0.796701
vn -0.796698 0.506331 -0.330002
vn -0.796698 0.506331 -0.330002
vn -0.796698 0.506331 -0.330002
vn -0.796699 0.506332 0.329999
vn -0.796699 0.506332 0.329999
vn -0.796699 0.506332 0.329999
vn -0.330006 0.506333 0.796695
vn -0.330006 0.506333 0.796695
vn -0.330006 0.506333 0.796695
vn 0.330007 0.506333 0.796694
vn 0.330007 0.506333 0.796694
vn 0.330007 0.506333 0.796694
vn 0.796697 0.506331 0.330004
vn 0.796697 0.506331 0.330004
vn 0.796697 0.506331 0.330004
vn 0.796697 0.506330 -0.330006
vn 0.796697 0.506330 -0.330006
vn 0.796697 0.506330 -0.330006
vn 0.382684 0.000000 -0.923880
vn 0.382684 0.000000 -0.923880
vn 0.382684 0.000000 -0.923880
vn 0.382684 0.000000 -0.923880
vn -0.382683 0.000000 -0.923880
vn -0.382683 0.000000 -0.923880
vn -0.382683 0.000000 -0.923880
vn -0.382683 0.000000 -0.923880
vn -0.923880 0.000000 -0.382683
vn -0.923880 0.000000 -0.382683
vn -0.923880 0.000000 -0.382683
vn -0.923880 0.000000 -0.382683
vn -0.923880 0.000000 0.382683
vn -0.923880 0.000000 0.382683
vn -0.923880 0.000000 0.382683
vn -0.923880 0.000000 0.382683
vn -0.382685 0.000000 0.923879
vn -0.382685 0.000000 0.923879
vn -0.382685 0.000000 0.923879
vn -0.382685 0.000000 0.923879
vn 0.382685 0.000000 0.923879
vn 0.382685 0.000000 0.923879
vn 0.382685 0.000000 0.923879
vn 0.382685 0.000000 0.923879
vn 0.923879 0.000000 0.382684
vn 0.923879 0.000000 0.382684
vn 0.923879 0.000000 0.382684
vn 0.923879 0.000000 0.382684
vn 0.923879 0.000000 -0.382684
vn 0.923879 0.000000 -0.382684
vn 0.923879 0.000000 -0.382684
vn 0.923879 0.000000 -0.382684
vn 0.282333 0.675048 -0.681614
vn 0.282333 0.675048 -0.681614
vn 0.282333 0.675048 -0.681614
vn 0.282333 0.675048 -0.681614
vn -0.282333 0.675049 -0.681614
vn -0.282333 0.675049 -0.681614
vn -0.282333 0.675048 -0.681614
vn -0.282333 0.675048 -0.681614
vn -0.681614 0.675048 -0.282334
vn -0.681614 0.675048 -0.282334
vn -0.681614 0.675048 -0.282334
vn -0.681614 0.675048 -0.282334
vn -0.681615 0.675047 0.282334
vn -0.681615 0.675047 0.282334
vn -0.681615 0.675047 0.282334
vn -0.681615 0.675047 0.282334
vn -0.282335 0.675047 0.681614
vn -0.282335 0.675047 0.681615
vn -0.282335 0.675047 0.681615
vn -0.282335 0.675047 0.681615
vn 0.282334 0.675047 0.681615
vn 0.282334 0.675047 0.681615
vn 0.282334 0.675047 0.681615
vn 0.282335 0.675047 0.681615
vn 0.681615 0.675047 0.282334
vn 0.681615 0.675047 0.282334
vn 0.681615 0.675047 0.282334
vn 0.681615 0.675047 0.282334
vn 0.681614 0.675047 -0.282335
vn 0.681614 0.675047 -0.282335
vn 0.681614 0.675047 -0.282335
vn 0.681614 0.675047 -0.282335
vn 0.189788 0.868356 -0.458191
vn 0.189788 0.868356 -0.458191
vn 0.189788 0.868356 -0.458191
vn 0.189788 0.868356 -0.458191
vn -0.189788 0.868356 -0.458191
vn -0.189788 0.868356 -0.458191
vn -0.189788 0.868356 -0.458191
vn -0.189788 0.868356 -0.458191
vn -0.458191 0.868356 -0.189789
vn -0.458191 0.868356 -0.189789
vn -0.458191 0.868356 -0.189789
vn -0.458191 0.868356 -0.189789
vn -0.458191 0.868356 0.189788
vn -0.458191 0.868356 0.189788
vn -0.458191 0.868356 0.189788
vn -0.458191 0.868356 0.189788
vn -0.189789 0.868356 0.458191
vn -0.189789 0.868356 0.458191
vn -0.189789 0.868356 0.458191
vn -0.189789 0.868356 0.458191
vn 0.189789 0.868355 0.458191
vn 0.189789 0.868355 0.458191
vn 0.189789 0.868355 0.458191
vn 0.189789 0.868355 0.458191
vn 0.458191 0.868356 0.189789
vn 0.458191 0.868356 0.189788
vn 0.458191 0.868356 0.189788
vn 0.458191 0.868356 0.189789
vn 0.458190 0.868356 -0.189789
vn 0.458190 0.868356 -0.189789
vn 0.458191 0.868356 -0.189789
vn 0.458191 0.868356 -0.189789
vn 0.382677 0.000000 -0.923882
vn 0.382677 0.000000 -0.923882
vn 0.382677 0.000000 -0.923882
vn 0.382677 0.000000 -0.923882
vn -0.382676 0.000000 -0.923883
vn -0.382676 0.000000 -0.923883
vn -0.382676 0.000000 -0.923883
vn -0.382676 0.000000 -0.923883
vn -0.923880 0.000000 -0.382682
vn -0.923880 0.000000 -0.382682
vn -0.923880 0.000000 -0.382682
vn -0.923880 0.000000 -0.382682
vn -0.923881 0.000000 0.382679
vn -0.923881 0.000000 0.382679
vn -0.923881 0.000000 0.382679
vn -0.923881 0.000000 0.382679
vn -0.382688 0.000000 0.923878
vn -0.382688 0.000000 0.923878
vn -0.382688 0.000000 0.923878
vn -0.382688 0.000000 0.923878
vn 0.382689 0.000000 0.923877
vn 0.382689 0.000000 0.923877
vn 0.382689 0.000000 0.923877
vn 0.382689 0.000000 0.923877
vn 0.923880 0.000000 0.382682
vn 0.923880 0.000000 0.382682
vn 0.923880 0.000000 0.382682
vn 0.923880 0.000000 0.382682
vn 0.923879 0.000000 -0.382685
vn 0.923879 0.000000 -0.382685
vn 0.923879 0.000000 -0.382685
vn 0.923879 0.000000 -0.382685
vn 0.000000 1.000000 0.000000
vn 0.000000 1.000000 0.000000
vn 0.000000 1.000000 0.000000
vn 0.000000 1.000000 0.000000
vn 0.000000 1.000000 0.000000
vn 0.000000 1.000000 0.000000
vn 0.000000 1.000000 0.000000
vn 0.000000 1.000000 0.000000
vn 0.000000 1.000000 0.000000
vn 0.000000 1.000000 0.000000
vn 0.000000 1.000000 0.000000
vn 0.000000 1.000000 0.000000
vn 0.000000 1.000000 0.000000
vn 0.000000 1.000000 0.000000
vn 0.000000 1.000000 0.000000
vn 0.000000 1.000000 0.000000
vn 0.000000 1.000000 0.000000
vn 0.000000 1.000000 0.000000
vn 0.000000 1.000000 0.000000
vn 0.000000 1.000000 0.000000
vn 0.000000 1.000000 0.000000
vn 0.000000 1.000000 0.000000
vn 0.000000 1.000000 0.000000
vn 0.000000 1.000000 0.000000
vn 0.000000 1.000000 0.000000
vn 0.000000 1.000000 0.000000
vn 0.000000 1.000000 0.000000
vn 0.000000 1.000000 0.000000
vn 0.000000 1.000000 0.000000
vn 0.000000 1.000000 0.000000
vn 0.000000 1.000000 0.000000
vn 0.000000 1.000000 0.000000
s off
g Saint_John
usemtl initialShadingGroup
f 286/354/761 287/355/762 288/356/763 289/412/764
f 287/355/765 290/358/766 291/359/767 288/356/768
f 290/358/769 292/360/770 293/361/771 291/359/772
f 292/360/773 294/362/774 295/363/775 293/361/776
f 294/362/777 296/364/778 297/414/779 295/363/780
f 296/417/781 298/366/782 299/367/783 297/365/784
f 298/366/785 300/368/786 301/369/787 299/367/788
f 300/368/789 286/354/790 289/412/791 301/369/792
f 277/370/793 278/371/794 279/372/795
f 278/371/796 280/429/797 279/372/798
f 280/429/799 281/428/800 279/372/801
f 281/428/802 282/424/803 279/372/804
f 282/424/805 283/422/806 279/372/807
f 283/423/808 284/420/809 279/372/810
f 284/420/811 285/419/812 279/372/813
f 285/419/814 277/370/815 279/372/816
f 245/442/817 246/447/818 254/381/819 253/382/820
f 246/447/821 247/446/822 255/384/823 254/381/824
f 247/446/825 248/445/826 256/386/827 255/384/828
f 248/445/829 249/444/830 257/388/831 256/386/832
f 249/444/833 250/439/834 258/438/835 257/388/836
f 250/440/837 251/443/838 259/392/839 258/390/840
f 251/443/841 252/441/842 260/394/843 259/392/844
f 252/441/845 245/442/846 253/382/847 260/394/848
f 253/382/849 254/381/850 262/395/851 261/396/852
f 254/381/853 255/384/854 263/397/855 262/395/856
f 255/384/857 256/386/858 264/398/859 263/397/860
f 256/386/861 257/388/862 265/399/863 264/398/864
f 257/388/865 258/438/866 266/434/867 265/399/868
f 258/390/869 259/392/870 267/401/871 266/400/872
f 259/392/873 260/394/874 268/402/875 267/401/876
f 260/394/877 253/382/878 261/396/879 268/402/880
f 261/396/881 262/395/882 270/437/883 269/431/884
f 262/395/885 263/397/886 271/436/887 270/437/888
f 263/397/889 264/398/890 272/435/891 271/436/892
f 264/398/893 265/399/894 273/433/895 272/435/896
f 265/399/897 266/434/898 274/426/899 273/433/900
f 266/400/901 267/401/902 275/432/903 274/425/904
f 267/401/905 268/402/906 276/430/907 275/432/908
f 268/402/909 261/396/910 269/431/911 276/430/912
f 269/404/913 270/403/914 278/371/915 277/370/916
f 270/403/917 271/405/918 280/373/919 278/371/920
f 271/405/921 272/406/922 281/374/923 280/373/924
f 272/406/925 273/407/926 282/375/927 281/374/928
f 273/407/929 274/427/930 283/421/931 282/375/932
f 274/408/933 275/409/934 284/377/935 283/376/936
f 275/409/937 276/410/938 285/378/939 284/377/940
f 276/410/941 269/404/942 277/370/943 285/378/944
f 246/380/945 245/379/946 289/357/947 288/356/948
f 247/383/949 246/380/950 288/356/951 291/359/952
f 248/385/953 247/383/954 291/359/955 293/418/956
f 249/387/957 248/385/958 293/418/959 295/416/960
f 250/389/961 249/387/962 295/416/963 297/415/964
f 251/391/965 250/389/966 297/415/967 299/413/968
f 252/393/969 251/391/970 299/413/971 301/411/972
f 245/379/973 252/393/974 301/411/975 289/357/976
g default
v 208.079468 138.880646 -35.994789
v 209.458771 138.880646 -35.994789
v 208.079468 185.060699 -35.994789
v 209.458771 185.060699 -35.994789
v 208.079468 185.060699 -69.257927
v 209.458771 185.060699 -69.257927
v 208.079468 138.880646 -69.257927
v 209.458771 138.880646 -69.257927
v 208.079468 44.953796 -35.994789
v 209.458771 44.953796 -35.994789
v 208.079468 91.133850 -35.994789
v 209.458771 91.133850 -35.994789
v 208.079468 91.133850 -69.257927
v 209.458771 91.133850 -69.257927
v 208.079468 44.953796 -69.257927
v 209.458771 44.953796 -69.257927
v 0.000000 0.000000 0.000000
v 200.000000 0.000000 0.000000
v 0.000000 300.000000 0.000000
v 100.000000 300.000000 0.000000
v 0.000000 300.000000 -400.000000
v 100.000000 300.000000 -400.000000
v 0.000000 0.000000 -400.000000
v 200.000000 0.000000 -400.000000
v 0.000000 200.000000 0.000000
v 0.000000 200.000000 -400.000000
v 200.000000 200.000000 -400.000000
v 200.000000 200.000000 0.000000
v 0.000000 273.788269 -400.000000
v 0.000000 273.788269 0.000000
v 178.088409 273.788269 0.000000
v 178.088409 273.788269 -400.000000
v 0.000000 100.000000 0.000000
v 0.000000 100.000000 -400.000000
v 200.000000 100.000000 -400.000000
v 200.000000 100.000000 0.000000
v 0.000000 300.000000 -9.313469
v 200.000000 0.000000 -9.313469
v 200.000000 100.000000 -9.313469
v 200.000000 200.000000 -9.313469
v 178.088409 273.788269 -9.313469
v 100.000000 300.000000 -9.313469
v 0.000000 300.000000 -390.686523
v 100.000000 300.000000 -390.686523
v 178.088409 273.788269 -390.686523
v 200.000000 200.000000 -390.686523
v 200.000000 100.000000 -390.686523
v 200.000000 0.000000 -390.686523
v 0.000000 307.674683 0.000000
v 102.558228 307.674683 0.000000
v 102.558228 307.674683 -9.313469
v 0.000000 307.674683 -9.313469
v 208.079468 0.000000 -9.313469
v 208.079468 0.000000 0.000000
v 208.079468 102.558228 -9.313469
v 208.079468 102.558228 0.000000
v 182.644318 280.792358 0.000000
v 182.644318 280.792358 -9.313469
v 208.079468 205.116455 -9.313469
v 208.079468 205.116455 0.000000
v 208.079468 102.558228 -390.686523
v 208.079468 0.000000 -390.686523
v 208.079468 0.000000 -400.000000
v 208.079468 102.558228 -400.000000
v 208.079468 205.116455 -390.686523
v 208.079468 205.116455 -400.000000
v 182.644318 280.792358 -390.686523
v 182.644318 280.792358 -400.000000
v 102.558228 307.674683 -390.686523
v 102.558228 307.674683 -400.000000
v 0.000000 307.674683 -390.686523
v 0.000000 307.674683 -400.000000
v 0.000000 300.000000 -161.862701
v 200.000000 0.000000 -161.862701
v 200.000000 100.000000 -161.862701
v 200.000000 200.000000 -161.862701
v 178.088409 273.788269 -161.862701
v 100.000000 300.000000 -161.862701
v 0.000000 300.000000 -238.137299
v 100.000000 300.000000 -238.137299
v 178.088409 273.788269 -238.137299
v 200.000000 200.000000 -238.137299
v 200.000000 100.000000 -238.137299
v 200.000000 0.000000 -238.137299
v 200.000000 273.788269 -161.862701
v 200.000000 273.788269 -238.137299
v 208.079468 44.953796 -109.193054
v 209.458771 44.953796 -109.193054
v 208.079468 91.133850 -109.193054
v 209.458771 91.133850 -109.193054
v 208.079468 91.133850 -142.456192
v 209.458771 91.133850 -142.456192
v 208.079468 44.953796 -142.456192
v 209.458771 44.953796 -142.456192
v 208.079468 138.880646 -109.193054
v 209.458771 138.880646 -109.193054
v 208.079468 185.060699 -109.193054
v 209.458771 185.060699 -109.193054
v 208.079468 185.060699 -142.456192
v 209.458771 185.060699 -142.456192
v 208.079468 138.880646 -142.456192
v 209.458771 138.880646 -142.456192
v 200.000000 0.000000 -178.729492
v 202.424744 0.000000 -178.729492
v 200.000000 94.749023 -178.729492
v 202.424744 94.749023 -178.729492
v 200.000000 94.749023 -221.270508
v 202.424744 94.749023 -221.270508
v 200.000000 0.000000 -221.270508
v 202.424744 0.000000 -221.270508
v 208.079468 44.953796 -253.967697
v 209.458771 44.953796 -253.967697
v 208.079468 91.133850 -253.967697
v 209.458771 91.133850 -253.967697
v 208.079468 91.133850 -287.230835
v 209.458771 91.133850 -287.230835
v 208.079468 44.953796 -287.230835
v 209.458771 44.953796 -287.230835
v 208.079468 44.953796 -327.165985
v 209.458771 44.953796 -327.165985
v 208.079468 91.133850 -327.165985
v 209.458771 91.133850 -327.165985
v 208.079468 91.133850 -360.429108
v 209.458771 91.133850 -360.429108
v 208.079468 44.953796 -360.429108
v 209.458771 44.953796 -360.429108
v 208.079468 138.880646 -327.165985
v 209.458771 138.880646 -327.165985
v 208.079468 185.060699 -327.165985
v 209.458771 185.060699 -327.165985
v 208.079468 185.060699 -360.429108
v 209.458771 185.060699 -360.429108
v 208.079468 138.880646 -360.429108
v 209.458771 138.880646 -360.429108
v 208.079468 138.880646 -253.967697
v 209.458771 138.880646 -253.967697
v 208.079468 185.060699 -253.967697
v 209.458771 185.060699 -253.967697
v 208.079468 185.060699 -287.230835
v 209.458771 185.060699 -287.230835
v 208.079468 138.880646 -287.230835
v 209.458771 138.880646 -287.230835
v 200.000000 205.306519 -167.348022
v 201.379303 205.306519 -167.348022
v 200.000000 268.481750 -167.348022
v 201.379303 268.481750 -167.348022
v 200.000000 268.481750 -232.652023
v 201.379303 268.481750 -232.652023
v 200.000000 205.306519 -232.652023
v 201.379303 205.306519 -232.652023
v 200.000000 205.306519 -203.265244
v 200.000000 268.481750 -203.265244
v 201.379303 268.481750 -203.265244
v 201.379303 205.306519 -203.265244
v 200.000000 268.481750 -196.734818
v 200.000000 205.306519 -196.734818
v 201.379303 205.306519 -196.734818
v 201.379303 268.481750 -196.734818
vt 0.494344 0.093989
vt 0.495206 0.093989
vt 0.495208 0.122848
vt 0.495208 0.123710
vt 0.515995 0.122847
vt 0.516857 0.122847
vt 0.515993 0.093988
vt 0.515993 0.093126
vt 0.494343 0.093989
vt 0.495205 0.093989
vt 0.495209 0.122849
vt 0.495209 0.123711
vt 0.515996 0.122846
vt 0.516858 0.122846
vt 0.515992 0.093987
vt 0.515992 0.093125
vt 0.216327 0.495503
vt 0.278827 0.495501
vt 0.278828 0.526751
vt 0.216328 0.526753
vt 0.216331 0.591651
vt 0.248380 0.591650
vt 0.249307 0.594409
vt 0.216331 0.594562
vt 0.071592 0.528372
vt 0.009092 0.528374
vt 0.009091 0.497124
vt 0.071591 0.497122
vt 0.281352 0.495501
vt 0.284262 0.495501
vt 0.284264 0.527550
vt 0.281353 0.527550
vt 0.071594 0.590872
vt 0.040344 0.590873
vt 0.015942 0.582683
vt 0.071594 0.582681
vt 0.273407 0.583248
vt 0.276166 0.584176
vt 0.216331 0.581062
vt 0.271983 0.581060
vt 0.247581 0.589252
vt 0.216331 0.589253
vt 0.216330 0.558003
vt 0.278830 0.558001
vt 0.281354 0.559599
vt 0.284265 0.559599
vt 0.009093 0.559624
vt 0.071593 0.559622
vt 0.003657 0.529174
vt 0.003656 0.497124
vt 0.006566 0.497124
vt 0.006567 0.529174
vt 0.003810 0.562151
vt 0.006569 0.561223
vt 0.013592 0.587631
vt 0.014518 0.584871
vt 0.039545 0.596182
vt 0.039545 0.593271
vt 0.071595 0.596180
vt 0.071594 0.593270
vt 0.182547 0.495049
vt 0.286787 0.495500
vt 0.213801 0.542718
vt 0.182551 0.542721
vt 0.151297 0.495052
vt 0.151301 0.542723
vt 0.142058 0.468421
vt 0.274518 0.588612
vt 0.101506 0.542727
vt 0.247581 0.596959
vt 0.070256 0.542730
vt 0.070252 0.495058
vt 0.001132 0.528374
vt 0.213807 0.614226
vt 0.001133 0.559624
vt 0.127252 0.614233
vt 0.101512 0.614235
vt 0.071595 0.598579
vt 0.182553 0.566557
vt 0.213803 0.566554
vt 0.111378 0.491483
vt 0.111375 0.461577
vt 0.101508 0.566563
vt 0.070258 0.566566
vt 0.111375 0.468424
vt 0.135211 0.468422
vt 0.494342 0.093987
vt 0.495204 0.093987
vt 0.495206 0.122850
vt 0.495206 0.123712
vt 0.515996 0.122849
vt 0.516858 0.122849
vt 0.515995 0.093985
vt 0.515995 0.093123
vt 0.494343 0.093985
vt 0.495205 0.093985
vt 0.495205 0.122850
vt 0.495205 0.123712
vt 0.515995 0.122851
vt 0.516858 0.122850
vt 0.515996 0.093986
vt 0.515996 0.093124
vt 0.488644 0.138028
vt 0.487129 0.138028
vt 0.487133 0.078810
vt 0.487133 0.077294
vt 0.460545 0.078808
vt 0.459029 0.078808
vt 0.460541 0.138026
vt 0.494347 0.093986
vt 0.495209 0.093986
vt 0.495204 0.122846
vt 0.495204 0.123708
vt 0.515992 0.122849
vt 0.516854 0.122850
vt 0.515996 0.093990
vt 0.515997 0.093128
vt 0.494342 0.093989
vt 0.495204 0.093989
vt 0.495208 0.122850
vt 0.495208 0.123712
vt 0.515996 0.122847
vt 0.516858 0.122847
vt 0.515993 0.093986
vt 0.515993 0.093124
vt 0.494345 0.093985
vt 0.495208 0.093985
vt 0.495203 0.122848
vt 0.495203 0.123710
vt 0.515993 0.122851
vt 0.516855 0.122851
vt 0.515997 0.093988
vt 0.515998 0.093126
vt 0.494344 0.093986
vt 0.495206 0.093986
vt 0.495205 0.122849
vt 0.495205 0.123711
vt 0.515994 0.122850
vt 0.516856 0.122850
vt 0.515996 0.093987
vt 0.515996 0.093125
vt 0.515649 0.128162
vt 0.514787 0.128162
vt 0.514784 0.088672
vt 0.514784 0.087810
vt 0.496415 0.088673
vt 0.495552 0.088673
vt 0.515643 0.128162
vt 0.514781 0.128162
vt 0.514787 0.088676
vt 0.514787 0.087814
vt 0.496417 0.129026
vt 0.496417 0.128164
vt 0.496420 0.088674
vt 0.495558 0.088673
vt 0.496414 0.128159
vt 0.496413 0.129021
vt 0.496415 0.087811
vt 0.495555 0.128164
vt 0.496420 0.087812
vt 0.495552 0.128159
vt 0.515649 0.088677
vt 0.514781 0.129024
vt 0.515646 0.088672
vt 0.514786 0.129025
vt 0.516858 0.093987
vt 0.515994 0.123712
vt 0.494343 0.122849
vt 0.495207 0.093124
vt 0.516860 0.093988
vt 0.515993 0.123713
vt 0.494341 0.122848
vt 0.495208 0.093123
vt 0.516855 0.093986
vt 0.515996 0.123709
vt 0.494346 0.122850
vt 0.495204 0.093127
vt 0.516858 0.093990
vt 0.515991 0.123711
vt 0.494342 0.122846
vt 0.495209 0.093124
vt 0.459026 0.138026
vt 0.460545 0.077293
vt 0.488648 0.078810
vt 0.516858 0.093986
vt 0.515995 0.123713
vt 0.494342 0.122850
vt 0.495205 0.093123
vt 0.516857 0.093985
vt 0.515996 0.123711
vt 0.494344 0.122850
vt 0.495204 0.093125
vt 0.516854 0.093987
vt 0.515996 0.123708
vt 0.494346 0.122849
vt 0.495205 0.093127
vt 0.516855 0.093988
vt 0.515995 0.123709
vt 0.494346 0.122848
vt 0.495206 0.093127
vt 0.038619 0.596030
vt 0.040345 0.598580
vt 0.037810 0.598426
vt 0.011759 0.585799
vt 0.013407 0.590235
vt 0.009302 0.584914
vt 0.003658 0.561223
vt 0.151307 0.614231
vt 0.000832 0.562401
vt 0.284113 0.560527
vt 0.286790 0.558000
vt 0.287091 0.560777
vt 0.274333 0.586008
vt 0.127243 0.495054
vt 0.278622 0.583291
vt 0.248381 0.594561
vt 0.101502 0.495056
vt 0.250116 0.596804
vt 0.182557 0.614228
vt 0.001131 0.497125
vt 0.070262 0.614237
vt 0.216331 0.596960
vt 0.286788 0.526750
vt 0.213797 0.495047
vt 0.151303 0.566559
vt 0.135213 0.491481
vt 0.127249 0.566561
vt 0.104528 0.468425
vt 0.127247 0.542725
vt 0.135210 0.461575
vn 0.000000 0.000000 1.000000
vn 0.000000 0.000000 1.000000
vn 0.000000 0.000000 1.000000
vn 0.000000 0.000000 1.000000
vn 0.000000 1.000000 0.000000
vn 0.000000 1.000000 0.000000
vn 0.000000 1.000000 0.000000
vn 0.000000 1.000000 0.000000
vn 0.000000 0.000000 -1.000000
vn 0.000000 0.000000 -1.000000
vn 0.000000 0.000000 -1.000000
vn 0.000000 0.000000 -1.000000
vn 0.000000 -1.000000 0.000000
vn 0.000000 -1.000000 0.000000
vn 0.000000 -1.000000 0.000000
vn 0.000000 -1.000000 0.000000
vn 1.000000 0.000000 0.000000
vn 1.000000 0.000000 0.000000
vn 1.000000 0.000000 0.000000
vn 1.000000 0.000000 0.000000
vn 0.000000 0.000000 1.000000
vn 0.000000 0.000000 1.000000
vn 0.000000 0.000000 1.000000
vn 0.000000 0.000000 1.000000
vn 0.000000 1.000000 0.000000
vn 0.000000 1.000000 0.000000
vn 0.000000 1.000000 0.000000
vn 0.000000 1.000000 0.000000
vn 0.000000 0.000000 -1.000000
vn 0.000000 0.000000 -1.000000
vn 0.000000 0.000000 -1.000000
vn 0.000000 0.000000 -1.000000
vn 0.000000 -1.000000 0.000000
vn 0.000000 -1.000000 0.000000
vn 0.000000 -1.000000 0.000000
vn 0.000000 -1.000000 0.000000
vn 1.000000 0.000000 0.000000
vn 1.000000 0.000000 0.000000
vn 1.000000 0.000000 0.000000
vn 1.000000 0.000000 0.000000
vn 0.000000 0.000000 1.000000
vn 0.000000 0.000000 1.000000
vn 0.000000 0.000000 1.000000
vn 0.000000 0.000000 1.000000
vn 0.000000 1.000000 0.000000
vn 0.000000 1.000000 0.000000
vn 0.000000 1.000000 0.000000
vn 0.000000 1.000000 0.000000
vn 0.000000 0.000000 -1.000000
vn 0.000000 0.000000 -1.000000
vn 0.000000 0.000000 -1.000000
vn 0.000000 0.000000 -1.000000
vn 1.000000 0.000000 0.000000
vn 1.000000 0.000000 0.000000
vn 1.000000 0.000000 0.000000
vn 1.000000 0.000000 0.000000
vn 0.000000 0.000000 -1.000000
vn 0.000000 0.000000 -1.000000
vn 0.000000 0.000000 -1.000000
vn 0.000000 0.000000 -1.000000
vn 0.318219 0.948017 0.000000
vn 0.318219 0.948017 0.000000
vn 0.318219 0.948017 0.000000
vn 0.318219 0.948017 0.000000
vn 0.000000 0.000000 1.000000
vn 0.000000 0.000000 1.000000
vn 0.000000 0.000000 1.000000
vn 0.000000 0.000000 1.000000
vn 0.000000 0.000000 1.000000
vn 0.000000 0.000000 1.000000
vn 0.000000 0.000000 1.000000
vn 0.000000 0.000000 1.000000
vn 0.947892 0.318592 0.000000
vn 0.947892 0.318592 0.000000
vn 0.947892 0.318592 0.000000
vn 0.947892 0.318592 0.000000
vn 0.000000 0.000000 -1.000000
vn 0.000000 0.000000 -1.000000
vn 0.000000 0.000000 -1.000000
vn 0.000000 0.000000 -1.000000
vn 0.000000 0.000000 -1.000000
vn 0.000000 0.000000 -1.000000
vn 0.000000 0.000000 -1.000000
vn 0.000000 0.000000 -1.000000
vn 1.000000 0.000000 0.000000
vn 1.000000 0.000000 0.000000
vn 1.000000 0.000000 0.000000
vn 1.000000 0.000000 0.000000
vn 0.000000 0.000000 1.000000
vn 0.000000 0.000000 1.000000
vn 0.000000 0.000000 1.000000
vn 0.000000 0.000000 1.000000
vn 1.000000 0.000000 0.000000
vn 1.000000 0.000000 0.000000
vn 1.000000 0.000000 0.000000
vn 1.000000 0.000000 0.000000
vn 1.000000 0.000000 0.000000
vn 1.000000 0.000000 0.000000
vn 1.000000 0.000000 0.000000
vn 1.000000 0.000000 0.000000
vn 0.947892 0.318592 0.000000
vn 0.947892 0.318592 0.000000
vn 0.947892 0.318592 0.000000
vn 0.947892 0.318592 0.000000
vn 0.318219 0.948017 0.000000
vn 0.318219 0.948017 0.000000
vn 0.318219 0.948017 0.000000
vn 0.318219 0.948017 0.000000
vn 0.000000 1.000000 0.000000
vn 0.000000 1.000000 0.000000
vn 0.000000 1.000000 0.000000
vn 0.000000 1.000000 0.000000
vn 1.000000 0.000000 0.000000
vn 1.000000 0.000000 0.000000
vn 1.000000 0.000000 0.000000
vn 1.000000 0.000000 0.000000
vn 1.000000 0.000000 0.000000
vn 1.000000 0.000000 0.000000
vn 1.000000 0.000000 0.000000
vn 1.000000 0.000000 0.000000
vn 0.958627 0.284666 0.000000
vn 0.958627 0.284666 0.000000
vn 0.958627 0.284666 0.000000
vn 0.958627 0.284666 0.000000
vn 0.318219 0.948017 0.000000
vn 0.318219 0.948017 0.000000
vn 0.318219 0.948017 0.000000
vn 0.318219 0.948017 0.000000
vn 0.000000 1.000000 0.000000
vn 0.000000 1.000000 0.000000
vn 0.000000 1.000000 0.000000
vn 0.000000 1.000000 0.000000
vn 0.000000 0.000000 1.000000
vn 0.000000 0.000000 1.000000
vn 0.000000 0.000000 1.000000
vn 0.000000 0.000000 1.000000
vn 0.000000 0.000000 -1.000000
vn 0.000000 0.000000 -1.000000
vn 0.000000 0.000000 -1.000000
vn 0.000000 0.000000 -1.000000
vn 0.000000 0.000000 -1.000000
vn 0.000000 0.000000 -1.000000
vn 0.000000 0.000000 -1.000000
vn 0.000000 0.000000 -1.000000
vn 0.000000 0.000000 1.000000
vn 0.000000 0.000000 1.000000
vn 0.000000 0.000000 1.000000
vn 0.000000 0.000000 1.000000
vn 0.000000 0.000000 -1.000000
vn 0.000000 0.000000 -1.000000
vn 0.000000 0.000000 -1.000000
vn 0.000000 0.000000 -1.000000
vn 0.000000 0.000000 1.000000
vn 0.000000 0.000000 1.000000
vn 0.000000 0.000000 1.000000
vn 0.000000 0.000000 1.000000
vn -0.000000 0.000000 -1.000000
vn -0.000000 0.000000 -1.000000
vn -0.000000 0.000000 -1.000000
vn -0.000000 0.000000 -1.000000
vn 0.000000 0.000000 1.000000
vn 0.000000 0.000000 1.000000
vn 0.000000 0.000000 1.000000
vn 0.000000 0.000000 1.000000
vn 0.000000 0.000000 -1.000000
vn 0.000000 0.000000 -1.000000
vn 0.000000 0.000000 -1.000000
vn 0.000000 0.000000 -1.000000
vn 0.000000 0.000000 1.000000
vn 0.000000 0.000000 1.000000
vn 0.000000 0.000000 1.000000
vn 0.000000 0.000000 1.000000
vn -0.000000 0.000000 1.000000
vn -0.000000 0.000000 1.000000
vn -0.000000 0.000000 1.000000
vn -0.000000 0.000000 1.000000
vn 0.000000 0.000000 -1.000000
vn 0.000000 0.000000 -1.000000
vn 0.000000 0.000000 -1.000000
vn 0.000000 0.000000 -1.000000
vn -0.000000 0.000000 1.000000
vn -0.000000 0.000000 1.000000
vn -0.000000 0.000000 1.000000
vn -0.000000 0.000000 1.000000
vn 0.000002 0.000000 -1.000000
vn 0.000002 0.000000 -1.000000
vn 0.000002 0.000000 -1.000000
vn 0.000002 0.000000 -1.000000
vn -0.000002 0.000000 1.000000
vn -0.000002 0.000000 1.000000
vn -0.000002 0.000000 1.000000
vn -0.000002 0.000000 1.000000
vn 0.000003 0.000000 -1.000000
vn 0.000003 0.000000 -1.000000
vn 0.000003 0.000000 -1.000000
vn 0.000003 0.000000 -1.000000
vn -0.000001 0.000000 1.000000
vn -0.000001 0.000000 1.000000
vn -0.000001 0.000000 1.000000
vn -0.000001 0.000000 1.000000
vn 0.000000 0.000000 -1.000000
vn 0.000000 0.000000 -1.000000
vn 0.000000 0.000000 -1.000000
vn 0.000000 0.000000 -1.000000
vn 0.000000 0.000000 1.000000
vn 0.000000 0.000000 1.000000
vn 0.000000 0.000000 1.000000
vn 0.000000 0.000000 1.000000
vn 0.000000 0.000000 -1.000000
vn 0.000000 0.000000 -1.000000
vn 0.000000 0.000000 -1.000000
vn 0.000000 0.000000 -1.000000
vn 1.000000 0.000000 0.000000
vn 1.000000 0.000000 0.000000
vn 1.000000 0.000000 0.000000
vn 1.000000 0.000000 0.000000
vn 1.000000 0.000000 0.000000
vn 1.000000 0.000000 0.000000
vn 1.000000 0.000000 0.000000
vn 1.000000 0.000000 0.000000
vn 0.958627 0.284666 0.000000
vn 0.958627 0.284666 0.000000
vn 0.958627 0.284666 0.000000
vn 0.958627 0.284666 0.000000
vn 0.318219 0.948017 0.000000
vn 0.318219 0.948017 0.000000
vn 0.318219 0.948017 0.000000
vn 0.318219 0.948017 0.000000
vn 0.000000 1.000000 0.000000
vn 0.000000 1.000000 0.000000
vn 0.000000 1.000000 0.000000
vn 0.000000 1.000000 0.000000
vn 1.000000 0.000000 0.000000
vn 1.000000 0.000000 0.000000
vn 1.000000 0.000000 0.000000
vn 1.000000 0.000000 0.000000
vn 1.000000 0.000000 0.000000
vn 1.000000 0.000000 0.000000
vn 1.000000 0.000000 0.000000
vn 1.000000 0.000000 0.000000
vn 1.000000 0.000000 0.000000
vn 1.000000 0.000000 0.000000
vn 1.000000 0.000000 0.000000
vn 1.000000 0.000000 0.000000
vn 0.318218 0.948017 0.000000
vn 0.318218 0.948017 0.000000
vn 0.318218 0.948017 0.000000
vn 0.318218 0.948017 0.000000
vn 0.000000 1.000000 0.000000
vn 0.000000 1.000000 0.000000
vn 0.000000 1.000000 0.000000
vn 0.000000 1.000000 0.000000
vn 0.000000 0.000000 1.000000
vn 0.000000 0.000000 1.000000
vn 0.000000 0.000000 1.000000
vn 0.000000 0.000000 -1.000000
vn 0.000000 0.000000 -1.000000
vn 0.000000 0.000000 -1.000000
vn 0.000000 1.000000 0.000000
vn 0.000000 1.000000 0.000000
vn 0.000000 1.000000 0.000000
vn 0.000000 1.000000 0.000000
vn 0.000000 0.000000 1.000000
vn 0.000000 0.000000 1.000000
vn 0.000000 0.000000 1.000000
vn 0.000000 0.000000 1.000000
vn 0.000000 1.000000 0.000000
vn 0.000000 1.000000 0.000000
vn 0.000000 1.000000 0.000000
vn 0.000000 1.000000 0.000000
vn 0.000000 0.000000 -1.000000
vn 0.000000 0.000000 -1.000000
vn 0.000000 0.000000 -1.000000
vn 0.000000 0.000000 -1.000000
vn 0.000000 -1.000000 0.000000
vn 0.000000 -1.000000 0.000000
vn 0.000000 -1.000000 0.000000
vn 0.000000 -1.000000 0.000000
vn 1.000000 0.000000 0.000000
vn 1.000000 0.000000 0.000000
vn 1.000000 0.000000 0.000000
vn 1.000000 0.000000 0.000000
vn 0.000000 0.000000 1.000000
vn 0.000000 0.000000 1.000000
vn 0.000000 0.000000 1.000000
vn 0.000000 0.000000 1.000000
vn 0.000000 1.000000 0.000000
vn 0.000000 1.000000 0.000000
vn 0.000000 1.000000 0.000000
vn 0.000000 1.000000 0.000000
vn 0.000000 0.000000 -1.000000
vn 0.000000 0.000000 -1.000000
vn 0.000000 0.000000 -1.000000
vn 0.000000 0.000000 -1.000000
vn 0.000000 -1.000000 0.000000
vn 0.000000 -1.000000 0.000000
vn 0.000000 -1.000000 0.000000
vn 0.000000 -1.000000 0.000000
vn 1.000000 0.000000 0.000000
vn 1.000000 0.000000 0.000000
vn 1.000000 0.000000 0.000000
vn 1.000000 0.000000 0.000000
vn 0.000000 0.000000 1.000000
vn 0.000000 0.000000 1.000000
vn 0.000000 0.000000 1.000000
vn 0.000000 0.000000 1.000000
vn 0.000000 1.000000 0.000000
vn 0.000000 1.000000 0.000000
vn 0.000000 1.000000 0.000000
vn 0.000000 1.000000 0.000000
vn 0.000000 0.000000 -1.000000
vn 0.000000 0.000000 -1.000000
vn 0.000000 0.000000 -1.000000
vn 0.000000 0.000000 -1.000000
vn 1.000000 0.000000 0.000000
vn 1.000000 0.000000 0.000000
vn 1.000000 0.000000 0.000000
vn 1.000000 0.000000 0.000000
vn 0.000000 0.000000 1.000000
vn 0.000000 0.000000 1.000000
vn 0.000000 0.000000 1.000000
vn 0.000000 0.000000 1.000000
vn 0.000000 1.000000 0.000000
vn 0.000000 1.000000 0.000000
vn 0.000000 1.000000 0.000000
vn 0.000000 1.000000 0.000000
vn 0.000000 0.000000 -1.000000
vn 0.000000 0.000000 -1.000000
vn 0.000000 0.000000 -1.000000
vn 0.000000 0.000000 -1.000000
vn 0.000000 -1.000000 0.000000
vn 0.000000 -1.000000 0.000000
vn 0.000000 -1.000000 0.000000
vn 0.000000 -1.000000 0.000000
vn 1.000000 0.000000 0.000000
vn 1.000000 0.000000 0.000000
vn 1.000000 0.000000 0.000000
vn 1.000000 0.000000 0.000000
vn 0.000000 0.000000 1.000000
vn 0.000000 0.000000 1.000000
vn 0.000000 0.000000 1.000000
vn 0.000000 0.000000 1.000000
vn 0.000000 1.000000 0.000000
vn 0.000000 1.000000 0.000000
vn 0.000000 1.000000 0.000000
vn 0.000000 1.000000 0.000000
vn 0.000000 0.000000 -1.000000
vn 0.000000 0.000000 -1.000000
vn 0.000000 0.000000 -1.000000
vn 0.000000 0.000000 -1.000000
vn 0.000000 -1.000000 0.000000
vn 0.000000 -1.000000 0.000000
vn 0.000000 -1.000000 0.000000
vn 0.000000 -1.000000 0.000000
vn 1.000000 0.000000 0.000000
vn 1.000000 0.000000 0.000000
vn 1.000000 0.000000 0.000000
vn 1.000000 0.000000 0.000000
vn 0.000000 0.000000 1.000000
vn 0.000000 0.000000 1.000000
vn 0.000000 0.000000 1.000000
vn 0.000000 0.000000 1.000000
vn 0.000000 1.000000 0.000000
vn 0.000000 1.000000 0.000000
vn 0.000000 1.000000 0.000000
vn 0.000000 1.000000 0.000000
vn 0.000000 0.000000 -1.000000
vn 0.000000 0.000000 -1.000000
vn 0.000000 0.000000 -1.000000
vn 0.000000 0.000000 -1.000000
vn 0.000000 -1.000000 0.000000
vn 0.000000 -1.000000 0.000000
vn 0.000000 -1.000000 0.000000
vn 0.000000 -1.000000 0.000000
vn 1.000000 0.000000 0.000000
vn 1.000000 0.000000 0.000000
vn 1.000000 0.000000 0.000000
vn 1.000000 0.000000 0.000000
vn 0.000000 0.000000 1.000000
vn 0.000000 0.000000 1.000000
vn 0.000000 0.000000 1.000000
vn 0.000000 0.000000 1.000000
vn 0.000000 1.000000 0.000000
vn 0.000000 1.000000 0.000000
vn 0.000000 1.000000 0.000000
vn 0.000000 1.000000 0.000000
vn 0.000000 0.000000 -1.000000
vn 0.000000 0.000000 -1.000000
vn 0.000000 0.000000 -1.000000
vn 0.000000 0.000000 -1.000000
vn 0.000000 -1.000000 0.000000
vn 0.000000 -1.000000 0.000000
vn 0.000000 -1.000000 0.000000
vn 0.000000 -1.000000 0.000000
vn 1.000000 0.000000 0.000000
vn 1.000000 0.000000 0.000000
vn 1.000000 0.000000 0.000000
vn 1.000000 0.000000 0.000000
vn 0.000000 0.000000 1.000000
vn 0.000000 0.000000 1.000000
vn 0.000000 0.000000 1.000000
vn 0.000000 0.000000 1.000000
vn 0.000000 1.000000 0.000000
vn 0.000000 1.000000 0.000000
vn 0.000000 1.000000 0.000000
vn 0.000000 1.000000 0.000000
vn 0.000000 0.000000 -1.000000
vn 0.000000 0.000000 -1.000000
vn 0.000000 0.000000 -1.000000
vn 0.000000 0.000000 -1.000000
vn 0.000000 -1.000000 0.000000
vn 0.000000 -1.000000 0.000000
vn 0.000000 -1.000000 0.000000
vn 0.000000 -1.000000 0.000000
vn 1.000000 0.000000 0.000000
vn 1.000000 0.000000 0.000000
vn 1.000000 0.000000 0.000000
vn 1.000000 0.000000 0.000000
vn 0.000000 -1.000000 0.000000
vn 0.000000 -1.000000 0.000000
vn 0.000000 -1.000000 0.000000
vn 0.000000 -1.000000 0.000000
vn 1.000000 0.000000 0.000000
vn 1.000000 0.000000 0.000000
vn 1.000000 0.000000 0.000000
vn 1.000000 0.000000 0.000000
vn 0.000000 1.000000 0.000000
vn 0.000000 1.000000 0.000000
vn 0.000000 1.000000 0.000000
vn 0.000000 1.000000 0.000000
vn 0.000000 0.000000 1.000000
vn 0.000000 0.000000 1.000000
vn 0.000000 0.000000 1.000000
vn 0.000000 0.000000 1.000000
vn 0.000000 0.000000 -1.000000
vn 0.000000 0.000000 -1.000000
vn 0.000000 0.000000 -1.000000
vn 0.000000 0.000000 -1.000000
s off
g House_Small
usemtl initialShadingGroup
f 302/448/977 303/449/978 305/450/979 304/646/980
f 304/451/981 305/450/982 307/452/983 306/645/984
f 306/453/985 307/452/986 309/454/987 308/644/988
f 308/455/989 309/454/990 303/449/991 302/647/992
f 303/449/993 309/454/994 307/452/995 305/450/996
f 310/456/997 311/457/998 313/458/999 312/642/1000
f 312/459/1001 313/458/1002 315/460/1003 314/641/1004
f 314/461/1005 315/460/1006 317/462/1007 316/640/1008
f 316/463/1009 317/462/1010 311/457/1011 310/643/1012
f 311/457/1013 317/462/1014 315/460/1015 313/458/1016
f 318/464/1017 319/465/1018 337/466/1019 334/467/1020
f 350/468/1021 351/469/1022 352/663/1023 353/471/1024
f 335/472/1025 336/473/1026 325/474/1027 324/475/1028
f 355/476/1029 354/477/1030 356/478/1031 357/479/1032
f 322/480/1033 323/481/1034 333/482/1035 330/483/1036
f 358/484/1037 359/660/1038 352/470/1039 351/469/1040
f 331/486/1041 332/487/1042 321/488/1043 320/489/1044
f 326/490/1045 329/491/1046 332/487/1047 331/486/1048
f 361/492/1049 360/657/1050 359/485/1051 358/484/1052
f 330/483/1053 333/482/1054 328/494/1055 327/495/1056
f 327/495/1057 328/494/1058 336/473/1059 335/472/1060
f 357/479/1061 356/478/1062 360/493/1063 361/492/1064
f 334/467/1065 337/466/1066 329/491/1067 326/490/1068
f 362/496/1069 363/497/1070 364/498/1071 365/499/1072
f 366/654/1073 362/496/1074 365/499/1075 367/501/1076
f 368/651/1077 366/500/1078 367/501/1079 369/503/1080
f 370/648/1081 368/502/1082 369/503/1083 371/505/1084
f 372/506/1085 370/504/1086 371/505/1087 373/507/1088
f 340/508/1089 339/671/1090 375/510/1091 376/511/1092
f 341/512/1093 340/508/1094 376/511/1095 377/513/1096
f 377/513/1097 378/676/1098 342/661/1099 341/512/1100
f 378/676/1101 379/516/1102 343/664/1103 342/661/1104
f 379/516/1105 374/518/1106 338/519/1107 343/664/1108
f 320/489/1109 321/488/1110 351/469/1111 350/468/1112
f 343/517/1113 338/669/1114 353/471/1115 352/663/1116
f 339/509/1117 340/670/1118 356/478/1119 354/477/1120
f 337/466/1121 319/465/1122 355/476/1123 357/479/1124
f 342/515/1125 343/665/1126 352/470/1127 359/660/1128
f 321/488/1129 332/487/1130 358/484/1131 351/469/1132
f 341/659/1133 342/662/1134 359/485/1135 360/657/1136
f 332/487/1137 329/491/1138 361/492/1139 358/484/1140
f 340/670/1141 341/658/1142 360/493/1143 356/478/1144
f 329/491/1145 337/466/1146 357/479/1147 361/492/1148
f 348/520/1149 349/667/1150 363/497/1151 362/496/1152
f 325/474/1153 336/473/1154 365/499/1155 364/498/1156
f 347/522/1157 348/520/1158 362/496/1159 366/654/1160
f 336/473/1161 328/494/1162 367/501/1163 365/499/1164
f 346/653/1165 347/656/1166 366/500/1167 368/651/1168
f 328/494/1169 333/482/1170 369/503/1171 367/501/1172
f 345/650/1173 346/652/1174 368/502/1175 370/648/1176
f 333/482/1177 323/481/1178 371/505/1179 369/503/1180
f 344/525/1181 345/649/1182 370/504/1183 372/506/1184
f 323/481/1185 322/480/1186 373/507/1187 371/505/1188
f 384/526/1189 385/527/1190 349/521/1191 348/666/1192
f 383/672/1193 384/526/1194 348/666/1195 347/655/1196
f 346/523/1197 382/674/1198 383/672/1199 347/655/1200
f 345/524/1201 381/530/1202 382/674/1203 346/523/1204
f 344/668/1205 380/531/1206 381/530/1207 345/524/1208
f 375/510/1209 385/527/1210 384/526/1211 376/511/1212
f 384/526/1213 383/672/1214 377/513/1215 376/511/1216
f 383/528/1217 387/532/1218 386/533/1219 377/673/1220
f 382/674/1221 381/530/1222 379/516/1223 378/676/1224
f 381/530/1225 380/531/1226 374/518/1227 379/516/1228
f 378/514/1229 377/673/1230 386/533/1231
f 383/528/1232 382/675/1233 387/532/1234
f 387/532/1235 382/529/1236 378/677/1237 386/533/1238
f 388/534/1239 389/535/1240 391/536/1241 390/638/1242
f 390/537/1243 391/536/1244 393/538/1245 392/637/1246
f 392/539/1247 393/538/1248 395/540/1249 394/636/1250
f 394/541/1251 395/540/1252 389/535/1253 388/639/1254
f 389/535/1255 395/540/1256 393/538/1257 391/536/1258
f 396/542/1259 397/543/1260 399/544/1261 398/634/1262
f 398/545/1263 399/544/1264 401/546/1265 400/633/1266
f 400/547/1267 401/546/1268 403/548/1269 402/632/1270
f 402/549/1271 403/548/1272 397/543/1273 396/635/1274
f 397/543/1275 403/548/1276 401/546/1277 399/544/1278
f 404/550/1279 405/551/1280 407/552/1281 406/631/1282
f 406/553/1283 407/552/1284 409/554/1285 408/630/1286
f 408/555/1287 409/554/1288 411/556/1289 410/629/1290
f 405/551/1291 411/556/1292 409/554/1293 407/552/1294
f 412/557/1295 413/558/1296 415/559/1297 414/627/1298
f 414/560/1299 415/559/1300 417/561/1301 416/626/1302
f 416/562/1303 417/561/1304 419/563/1305 418/625/1306
f 418/564/1307 419/563/1308 413/558/1309 412/628/1310
f 413/558/1311 419/563/1312 417/561/1313 415/559/1314
f 420/565/1315 421/566/1316 423/567/1317 422/623/1318
f 422/568/1319 423/567/1320 425/569/1321 424/622/1322
f 424/570/1323 425/569/1324 427/571/1325 426/621/1326
f 426/572/1327 427/571/1328 421/566/1329 420/624/1330
f 421/566/1331 427/571/1332 425/569/1333 423/567/1334
f 428/573/1335 429/574/1336 431/575/1337 430/619/1338
f 430/576/1339 431/575/1340 433/577/1341 432/618/1342
f 432/578/1343 433/577/1344 435/579/1345 434/617/1346
f 434/580/1347 435/579/1348 429/574/1349 428/620/1350
f 429/574/1351 435/579/1352 433/577/1353 431/575/1354
f 436/581/1355 437/582/1356 439/583/1357 438/615/1358
f 438/584/1359 439/583/1360 441/585/1361 440/614/1362
f 440/586/1363 441/585/1364 443/587/1365 442/613/1366
f 442/588/1367 443/587/1368 437/582/1369 436/616/1370
f 437/582/1371 443/587/1372 441/585/1373 439/583/1374
f 444/589/1375 445/590/1376 447/591/1377 446/611/1378
f 446/592/1379 447/591/1380 459/593/1381 456/605/1382
f 448/595/1383 449/596/1384 451/597/1385 450/609/1386
f 457/599/1387 458/600/1388 445/590/1389 444/612/1390
f 445/590/1391 458/600/1392 459/593/1393 447/591/1394
f 450/598/1395 451/597/1396 455/601/1397 452/607/1398
f 454/603/1399 455/601/1400 451/597/1401 449/596/1402
f 453/604/1403 454/603/1404 449/596/1405 448/610/1406
f 453/608/1407 452/602/1408 455/601/1409 454/603/1410
f 457/606/1411 456/594/1412 459/593/1413 458/600/1414
g default
v 250.400495 -332.114300 71.921560
v 102.664289 144.457233 71.921560
v 250.400495 144.457233 71.921560
v 102.664289 144.457233 -75.814646
v 250.400495 144.457233 -75.814646
v 250.400495 -332.114300 -75.814646
v 176.532392 332.114337 -1.946482
v 102.664289 -78.378949 71.921560
v 102.664289 -78.378949 -75.814646
v 250.400495 -78.378949 -75.814646
v 250.400495 -78.378949 71.921560
v 102.664289 -332.114300 148.327200
v 250.400495 -332.114300 148.327200
v 250.400495 -133.887524 148.327200
v 102.664289 -133.887524 148.327200
v 102.664289 -133.887524 -148.327219
v 250.400495 -133.887524 -148.327219
v 250.400495 -332.114300 -148.327219
v 102.664289 -332.114300 -148.327219
v -252.012865 -332.114300 -75.814646
v -252.012865 -332.114300 71.921560
v -252.012865 -78.378949 71.921560
v -252.012865 -78.378949 -75.814646
v -252.012865 -332.114300 148.327200
v -252.012865 -133.887524 148.327200
v -252.012865 -133.887524 -148.327219
v -252.012865 -332.114300 -148.327219
v 102.664289 144.457233 -1.946604
v 102.664289 -26.374310 -1.946604
v -252.012865 -26.374310 -1.946604
v -252.012865 -332.114300 -1.946604
v 250.400495 -332.114300 -1.946604
v 250.400495 -78.378949 -1.946604
v 250.400495 144.457233 -1.946604
v 250.400495 -332.114300 38.021048
v 252.012922 -332.114300 38.021048
v 250.400495 -332.114300 -41.914255
v 252.012922 -332.114300 -41.914255
v 250.400495 -232.114300 6.050161
v 250.400495 -272.110303 38.021048
v 250.400495 -243.828869 28.656912
v 252.012922 -232.114300 6.050161
v 252.012922 -243.828869 28.656912
v 252.012922 -272.110303 38.021048
v 250.400495 -272.110303 -41.914255
v 250.400495 -232.114300 -9.943369
v 250.400495 -243.828869 -32.550119
v 252.012922 -272.110303 -41.914255
v 252.012922 -243.828869 -32.550119
v 252.012922 -232.114300 -9.943369
vt 0.786272 0.134643
vt 0.832440 0.134652
vt 0.832428 0.196598
vt 0.786261 0.196589
vt 0.651253 0.287610
vt 0.535827 0.350619
vt 0.605085 0.287605
vt 0.628169 0.287607
vt 0.786239 0.311101
vt 0.439641 0.416771
vt 0.439648 0.354825
vt 0.786228 0.373047
vt 0.393904 0.354820
vt 0.370820 0.354817
vt 0.535842 0.217960
vt 0.370811 0.434109
vt 0.628457 0.230158
vt 0.628475 0.134615
vt 0.651558 0.134619
vt 0.651544 0.213911
vt 0.558918 0.287599
vt 0.512750 0.287594
vt 0.535834 0.287596
vt 0.786250 0.254333
vt 0.786255 0.226102
vt 0.416978 0.434115
vt 0.786245 0.282563
vt 0.675435 0.134623
vt 0.675424 0.196569
vt 0.416987 0.354822
vt 0.605391 0.134610
vt 0.605377 0.213903
vt 0.675403 0.311080
vt 0.675391 0.373026
vt 0.449239 0.335915
vt 0.449743 0.335892
vt 0.449942 0.354406
vt 0.449443 0.354469
vt 0.459688 0.367473
vt 0.459797 0.366988
vt 0.464711 0.367070
vt 0.464827 0.367559
vt 0.475098 0.354902
vt 0.474603 0.354818
vt 0.475169 0.335821
vt 0.475674 0.335857
vt 0.452260 0.363897
vt 0.452454 0.363426
vt 0.472163 0.363778
vt 0.471680 0.363624
vt 0.471893 0.364082
vt 0.451962 0.363543
vt 0.628175 0.234222
vt 0.605093 0.217968
vt 0.832407 0.311109
vt 0.832396 0.373055
vt 0.832412 0.282572
vt 0.346943 0.354814
vt 0.346936 0.416760
vt 0.832423 0.226110
vt 0.651261 0.217974
vt 0.466591 0.217952
vt 0.466583 0.287589
vt 0.489659 0.350614
vt 0.628162 0.350630
vt 0.581994 0.350624
vt 0.675413 0.254312
vt 0.675408 0.282543
vt 0.582720 0.196552
vt 0.582731 0.134606
vt 0.675418 0.226081
vt 0.393895 0.434112
vt 0.512758 0.217958
vt 0.558926 0.217963
vn 0.000000 0.000000 1.000000
vn 0.000000 0.000000 1.000000
vn 0.000000 0.000000 1.000000
vn 0.000000 0.000000 1.000000
vn -0.930505 0.366278 0.000000
vn -0.930505 0.366278 0.000000
vn -0.930505 0.366278 0.000000
vn -0.930505 0.366278 0.000000
vn 0.000000 0.000000 -1.000000
vn 0.000000 0.000000 -1.000000
vn 0.000000 0.000000 -1.000000
vn 0.000000 0.000000 -1.000000
vn 1.000000 0.000000 0.000000
vn 1.000000 0.000000 0.000000
vn 1.000000 0.000000 0.000000
vn 1.000000 0.000000 0.000000
vn -1.000000 0.000000 0.000000
vn -1.000000 0.000000 0.000000
vn -1.000000 0.000000 0.000000
vn -1.000000 0.000000 0.000000
vn 0.000000 0.366278 -0.930505
vn 0.000000 0.366278 -0.930505
vn 0.000000 0.366278 -0.930505
vn 0.000000 0.366278 0.930506
vn 0.000000 0.366278 0.930506
vn 0.000000 0.366278 0.930506
vn 0.930506 0.366278 0.000000
vn 0.930506 0.366278 0.000000
vn 0.930506 0.366278 0.000000
vn 0.930506 0.366278 0.000000
vn -1.000000 0.000000 0.000000
vn -1.000000 0.000000 0.000000
vn -1.000000 0.000000 0.000000
vn -1.000000 0.000000 0.000000
vn 0.000000 0.000000 -1.000000
vn 0.000000 0.000000 -1.000000
vn 0.000000 0.000000 -1.000000
vn 0.000000 0.000000 -1.000000
vn 1.000000 0.000000 0.000000
vn 1.000000 0.000000 0.000000
vn 1.000000 0.000000 0.000000
vn 1.000000 0.000000 0.000000
vn 0.000000 0.000000 1.000000
vn 0.000000 0.000000 1.000000
vn 0.000000 0.000000 1.000000
vn 0.000000 0.000000 1.000000
vn 1.000000 0.000000 0.000000
vn 1.000000 0.000000 0.000000
vn 1.000000 0.000000 0.000000
vn 1.000000 0.000000 0.000000
vn 0.000000 0.809034 0.587762
vn 0.000000 0.809034 0.587762
vn 0.000000 0.809034 0.587762
vn 0.000000 0.809034 0.587762
vn -1.000000 0.000000 0.000000
vn -1.000000 0.000000 0.000000
vn -1.000000 0.000000 0.000000
vn -1.000000 0.000000 0.000000
vn 0.000000 0.794052 -0.607849
vn 0.000000 0.794052 -0.607849
vn 0.000000 0.794052 -0.607849
vn 0.000000 0.794052 -0.607849
vn 1.000000 0.000000 0.000000
vn 1.000000 0.000000 0.000000
vn 1.000000 0.000000 0.000000
vn 1.000000 0.000000 0.000000
vn -1.000000 0.000000 0.000000
vn -1.000000 0.000000 0.000000
vn -1.000000 0.000000 0.000000
vn -1.000000 0.000000 0.000000
vn 0.000000 0.817685 0.575666
vn 0.000000 0.817685 0.575666
vn 0.000000 0.817685 0.575666
vn 0.000000 0.817685 0.575666
vn 0.000000 0.000000 1.000000
vn 0.000000 0.000000 1.000000
vn 0.000000 0.000000 1.000000
vn 0.000000 0.000000 1.000000
vn 0.000000 0.809034 0.587762
vn 0.000000 0.809034 0.587762
vn 0.000000 0.809034 0.587762
vn 0.000000 0.809034 0.587762
vn 0.000000 0.794052 -0.607849
vn 0.000000 0.794052 -0.607849
vn 0.000000 0.794052 -0.607849
vn 0.000000 0.794052 -0.607849
vn 0.000000 0.000000 -1.000000
vn 0.000000 0.000000 -1.000000
vn 0.000000 0.000000 -1.000000
vn 0.000000 0.000000 -1.000000
vn -1.000000 0.000000 0.000000
vn -1.000000 0.000000 0.000000
vn -1.000000 0.000000 0.000000
vn -1.000000 0.000000 0.000000
vn 0.000000 0.817684 -0.575667
vn 0.000000 0.817684 -0.575667
vn 0.000000 0.817684 -0.575667
vn 0.000000 0.817684 -0.575667
vn -1.000000 0.000000 0.000000
vn -1.000000 0.000000 0.000000
vn -1.000000 0.000000 0.000000
vn -1.000000 0.000000 0.000000
vn 1.000000 0.000000 0.000000
vn 1.000000 0.000000 0.000000
vn 1.000000 0.000000 0.000000
vn 1.000000 0.000000 0.000000
vn 1.000000 0.000000 0.000000
vn 1.000000 0.000000 0.000000
vn 1.000000 0.000000 0.000000
vn 1.000000 0.000000 0.000000
vn 0.000000 0.000000 1.000000
vn 0.000000 0.000000 1.000000
vn 0.000000 0.105475 0.994422
vn 0.000000 0.105475 0.994422
vn 0.000000 0.956904 0.290405
vn 0.000000 0.956904 0.290405
vn 0.000000 0.956904 -0.290405
vn 0.000000 0.956904 -0.290405
vn 0.000000 0.105475 -0.994422
vn 0.000000 0.105475 -0.994422
vn 0.000000 0.000000 -1.000000
vn 0.000000 0.000000 -1.000000
vn 0.000000 0.887874 0.460087
vn 0.000000 0.887874 0.460087
vn 0.000000 0.314324 0.949316
vn 0.000000 0.314324 0.949316
vn 0.000000 0.314324 -0.949316
vn 0.000000 0.314324 -0.949316
vn 0.000000 0.887874 -0.460087
vn 0.000000 0.887874 -0.460087
vn 1.000000 0.000000 0.000000
vn 1.000000 0.000000 0.000000
vn 1.000000 0.000000 0.000000
vn 1.000000 0.000000 0.000000
vn 1.000000 0.000000 0.000000
vn 1.000000 0.000000 0.000000
vn 1.000000 0.000000 0.000000
vn 1.000000 0.000000 0.000000
s off
g Church
usemtl initialShadingGroup
f 471/678/1415 472/679/1416 473/680/1417 474/681/1418
f 461/682/1419 466/742/1420 463/684/1421 487/685/1422
f 475/686/1423 476/732/1424 477/733/1425 478/689/1426
f 460/691/1427 491/690/1428 492/749/1429 470/693/1430
f 489/694/1431 490/695/1432 480/696/1433 481/697/1434
f 463/684/1435 466/743/1436 464/698/1437
f 461/740/1438 462/699/1439 466/741/1440
f 464/698/1441 466/683/1442 462/699/1443 493/700/1444
f 487/685/1445 488/730/1446 467/738/1447 461/682/1448
f 463/684/1449 464/698/1450 469/751/1451 468/731/1452
f 470/750/1453 492/692/1454 493/700/1455 462/699/1456
f 467/739/1457 470/750/1458 462/699/1459 461/740/1460
f 460/691/1461 470/693/1462 473/736/1463 472/735/1464
f 470/737/1465 467/702/1466 474/681/1467 473/680/1468
f 481/697/1469 480/696/1470 483/705/1471 484/706/1472
f 468/704/1473 469/734/1474 476/732/1475 475/686/1476
f 469/703/1477 465/707/1478 477/688/1479 476/687/1480
f 479/708/1481 482/709/1482 485/746/1483 486/747/1484
f 467/702/1485 488/701/1486 489/744/1487 481/748/1488
f 471/678/1489 474/681/1490 484/706/1491 483/705/1492
f 474/681/1493 467/702/1494 481/748/1495 484/706/1496
f 468/704/1497 475/686/1498 485/710/1499 482/745/1500
f 475/686/1501 478/689/1502 486/711/1503 485/710/1504
f 468/731/1505 488/730/1506 487/685/1507 463/684/1508
f 489/744/1509 488/701/1510 468/704/1511 482/745/1512
f 479/708/1513 490/695/1514 489/694/1515 482/709/1516
f 492/749/1517 491/690/1518 465/707/1519 469/703/1520
f 493/700/1521 492/692/1522 469/751/1523 464/698/1524
s 1
f 494/712/1525 495/713/1526 503/714/1527 499/715/1528
s 2
f 498/716/1529 501/717/1530 509/718/1531 505/719/1532
s 3
f 504/720/1533 507/721/1534 497/722/1535 496/723/1536
s 2
f 498/716/1529 500/724/1537 502/725/1538 501/717/1530
s 1
f 500/729/1539 499/715/1528 503/714/1527 502/725/1540
s 3
f 504/720/1533 506/726/1541 508/727/1542 507/721/1534
s 2
f 506/728/1543 505/719/1532 509/718/1531 508/727/1544
s off
f 501/717/1545 502/725/1546 503/714/1547 495/713/1548 497/722/1549 507/721/1550 508/727/1551 509/718/1552
g default
v 81.103065 47.359650 1.795351
v 76.494385 49.930817 7.072720
v 73.923203 45.322174 1.795351
v 91.072998 76.062012 1.795351
v 88.501839 71.453369 7.072720
v 93.110504 68.882202 1.795351
v 66.640671 49.385101 1.795351
v 69.211838 53.993774 7.072720
v 64.603195 56.564938 1.795351
v 76.610634 78.087463 1.795351
v 81.219276 75.516296 7.072720
v 83.790466 80.124939 1.795351
v 66.640671 49.385101 -19.674339
v 64.603195 56.564938 -19.674339
v 76.610634 78.087463 -19.674339
v 83.790466 80.124939 -19.674339
v 81.103065 47.359650 -19.674339
v 73.923203 45.322174 -19.674339
v 91.072998 76.062012 -19.674339
v 93.110504 68.882202 -19.674339
v 67.392487 61.564548 -19.674339
v 67.392487 61.564548 5.130379
v 72.001137 58.993374 10.407749
v 79.283676 54.930450 10.407749
v 83.892357 52.359253 5.130379
v 83.892357 52.359253 -19.674339
v 321.481033 45.694611 -4.261636
v 320.747276 43.484589 2.829128
v 325.005554 39.561920 -1.880566
v 291.598480 50.653412 -1.880566
v 297.357285 51.250301 2.829128
v 298.091034 53.460331 -4.261636
v 322.660545 32.498840 1.881948
v 318.402267 36.421478 6.591640
v 316.167999 29.691956 4.262997
v 292.777992 37.457672 4.262997
v 295.012268 44.187195 6.591640
v 289.253464 43.590332 1.881948
v 319.608261 23.305540 -17.278313
v 313.115730 20.498657 -14.897239
v 289.725723 28.264374 -14.897239
v 286.201187 34.397034 -17.278313
v 318.428757 36.501312 -23.421867
v 321.953270 30.368624 -21.040827
v 288.546204 41.460114 -21.040827
v 295.038757 44.267029 -23.421867
v 307.682289 22.302612 -14.897239
v 311.208687 32.923981 7.239283
v 313.442955 39.653503 9.567921
v 315.787987 46.716583 5.805408
v 316.521729 48.926636 -1.285349
v 312.995331 38.305267 -23.421867
v 362.453705 154.879272 4.168787
v 360.790817 149.870728 9.446156
v 365.799347 148.207825 4.168787
v 332.392273 159.299316 4.168787
v 337.400803 157.636414 9.446156
v 339.063705 162.644958 4.168787
v 363.171677 140.293396 4.168787
v 358.163147 141.956299 9.446156
v 356.500259 136.947754 4.168787
v 333.110260 144.713501 4.168787
v 334.773132 149.721985 9.446156
v 329.764603 151.384888 4.168787
v 363.171677 140.293396 -17.300926
v 356.500259 136.947754 -17.300926
v 333.110260 144.713501 -17.300926
v 329.764603 151.384888 -17.300926
v 362.453705 154.879272 -17.300926
v 365.799347 148.207825 -17.300926
v 332.392273 159.299316 -17.300926
v 339.063705 162.644958 -17.300926
v 351.066833 138.751709 -17.300926
v 351.066833 138.751709 7.503817
v 352.729706 143.760254 12.781185
v 355.357376 151.674683 12.781185
v 357.020279 156.683228 7.503817
v 357.020279 156.683228 -17.300926
v 400.000000 200.000000 0.000000
v 0.000000 200.000000 0.000000
v 400.000000 0.000000 0.000000
v 0.000000 0.000000 0.000000
v 188.124564 93.985962 2.271128
v 188.875450 98.263611 8.340664
v 182.900887 99.049377 3.937431
v 217.742947 99.929199 -0.993120
v 213.270158 98.879639 4.888531
v 212.519270 94.601990 -1.181003
v 182.900887 107.258919 5.402403
v 188.875450 106.473145 9.805634
v 188.124564 112.586060 5.590279
v 212.519270 113.202141 2.138149
v 213.270158 107.089172 6.353504
v 217.742947 108.138763 0.471853
v 179.846081 110.992157 -15.518364
v 185.069758 116.319336 -15.330498
v 209.464464 116.935417 -18.782644
v 214.688140 111.872002 -20.448936
v 185.069758 97.719177 -18.649651
v 179.846081 102.782654 -16.983360
v 214.688140 103.662476 -21.913902
v 209.464464 98.335205 -22.101799
v 190.736575 116.462471 -16.132408
v 194.265903 112.149284 8.038120
v 195.016790 106.036339 12.253475
v 195.016790 97.826782 10.788502
v 194.265903 93.549133 4.718969
v 190.736575 97.862305 -19.451563
v 82.570610 158.008179 0.000000
v 75.246033 161.042053 0.000000
v 67.921478 158.008179 0.000000
v 64.887543 150.683594 -0.000000
v 67.921478 143.359009 0.000000
v 75.246033 140.325073 0.000000
v 82.570610 143.359009 0.000000
v 85.604538 150.683594 -0.000000
v 97.433258 144.880005 33.978374
v 91.276489 147.623230 37.669250
v 84.061218 144.880005 39.267929
v 80.014038 138.257446 37.837936
v 81.505753 131.634766 34.216934
v 87.662521 128.891602 30.526077
v 94.877800 131.634766 28.927383
v 98.924957 138.257385 30.357376
v 95.815826 143.534973 34.002602
v 90.909477 145.721069 36.943863
v 85.159622 143.534973 38.217857
v 81.934418 138.257385 37.078293
v 83.123169 132.979858 34.192719
v 88.029526 130.793762 31.251448
v 93.779388 132.979858 29.977448
v 97.004578 138.257446 31.117020
v 80.617455 155.785065 13.497390
v 75.663994 157.898117 15.273884
v 70.465714 155.785004 16.092730
v 68.067657 150.683594 15.474248
v 69.874619 145.582123 13.780731
v 74.828102 143.469070 12.004238
v 80.026367 145.582123 11.185388
v 82.424400 150.683533 11.803879
v 82.570610 158.008179 13.639061
v 85.604538 150.683533 13.639064
v 82.570610 143.358948 13.639064
v 75.246033 140.325073 13.639061
v 67.921478 143.358948 13.639064
v 64.887543 150.683533 13.639064
v 67.921478 158.008179 13.639061
v 75.246033 161.042053 13.639061
v 75.246033 150.683533 13.639051
vt 0.480411 0.014372
vt 0.473108 0.015254
vt 0.462609 0.006780
vt 0.488080 0.003341
vt 0.479664 0.020930
vt 0.482153 0.017741
vt 0.492039 0.023510
vt 0.489496 0.027600
vt 0.476896 0.017999
vt 0.473259 0.022554
vt 0.467893 0.023602
vt 0.493252 0.030394
vt 0.500791 0.013631
vt 0.504258 0.017036
vt 0.490203 0.034700
vt 0.486299 0.032076
vt 0.470832 0.027039
vt 0.462536 0.037651
vt 0.458876 0.034416
vt 0.474571 0.027779
vt 0.476959 0.024532
vt 0.483039 0.035622
vt 0.501230 0.042481
vt 0.476210 0.046861
vt 0.465439 0.040153
vt 0.491301 0.005399
vt 0.482723 0.035573
vt 0.490026 0.034692
vt 0.500526 0.043166
vt 0.475054 0.046604
vt 0.483470 0.029015
vt 0.480982 0.032203
vt 0.471096 0.026434
vt 0.473639 0.022344
vt 0.486239 0.031945
vt 0.489876 0.027391
vt 0.495242 0.026343
vt 0.469883 0.019550
vt 0.462344 0.036313
vt 0.458877 0.032908
vt 0.472933 0.015245
vt 0.476836 0.017869
vt 0.492303 0.022906
vt 0.500600 0.012294
vt 0.504259 0.015529
vt 0.488564 0.022166
vt 0.486176 0.025413
vt 0.480096 0.014322
vt 0.461905 0.007463
vt 0.486926 0.003084
vt 0.497697 0.009792
vt 0.471833 0.044546
vt 0.482726 0.035572
vt 0.490029 0.034689
vt 0.500528 0.043161
vt 0.475059 0.046603
vt 0.483472 0.029014
vt 0.480984 0.032203
vt 0.471098 0.026435
vt 0.473641 0.022345
vt 0.486241 0.031944
vt 0.489877 0.027389
vt 0.495242 0.026341
vt 0.469885 0.019552
vt 0.462348 0.036315
vt 0.458881 0.032910
vt 0.472934 0.015246
vt 0.476837 0.017870
vt 0.492303 0.022905
vt 0.500598 0.012292
vt 0.504257 0.015527
vt 0.488564 0.022165
vt 0.486177 0.025412
vt 0.480096 0.014323
vt 0.461906 0.007467
vt 0.486924 0.003085
vt 0.497695 0.009791
vt 0.471838 0.044545
vt 0.866953 0.129224
vt 0.616954 0.129609
vt 0.616762 0.004609
vt 0.866761 0.004225
vt 0.480410 0.014373
vt 0.473107 0.015255
vt 0.462608 0.006783
vt 0.488077 0.003342
vt 0.479663 0.020930
vt 0.482152 0.017742
vt 0.492037 0.023510
vt 0.489495 0.027599
vt 0.476895 0.018000
vt 0.473258 0.022555
vt 0.467893 0.023603
vt 0.493251 0.030393
vt 0.500788 0.013631
vt 0.504255 0.017035
vt 0.490201 0.034698
vt 0.486299 0.032075
vt 0.470832 0.027039
vt 0.462537 0.037651
vt 0.458878 0.034417
vt 0.474571 0.027779
vt 0.476959 0.024532
vt 0.483039 0.035621
vt 0.501229 0.042478
vt 0.476210 0.046859
vt 0.465440 0.040153
vt 0.491298 0.005400
vt 0.527529 0.030689
vt 0.527529 0.035644
vt 0.507351 0.008310
vt 0.519005 0.030688
vt 0.527528 0.040599
vt 0.505416 0.003752
vt 0.527532 0.005914
vt 0.506948 0.032381
vt 0.527532 0.010869
vt 0.510205 0.028651
vt 0.527531 0.015824
vt 0.513630 0.025075
vt 0.527530 0.020779
vt 0.515260 0.020399
vt 0.527530 0.025734
vt 0.514053 0.015597
vt 0.528513 0.011123
vt 0.527164 0.006517
vt 0.514539 0.009374
vt 0.513485 0.013052
vt 0.525936 0.001749
vt 0.515552 0.035993
vt 0.526226 0.034892
vt 0.515285 0.032072
vt 0.527189 0.030184
vt 0.514515 0.028318
vt 0.528534 0.025577
vt 0.513538 0.024618
vt 0.529535 0.020756
vt 0.512841 0.020754
vt 0.529495 0.015827
vt 0.512812 0.016824
vt 0.505413 0.024990
vt 0.502080 0.023785
vt 0.506918 0.028199
vt 0.505713 0.031532
vt 0.502504 0.033037
vt 0.499171 0.031832
vt 0.497666 0.028623
vt 0.498871 0.025290
vt 0.502292 0.028411
vt 0.519004 0.035643
vt 0.510787 0.011875
vt 0.505422 0.037092
vt 0.519008 0.000958
vt 0.519003 0.040598
vt 0.519008 0.005913
vt 0.519007 0.010868
vt 0.519007 0.015823
vt 0.519006 0.020778
vt 0.519005 0.025733
vt 0.541081 0.016014
vt 0.525860 0.039808
vt 0.531163 0.013765
vt 0.531607 0.027244
vt 0.533037 0.030486
vt 0.533717 0.033964
vt 0.533718 0.007181
vt 0.532722 0.010582
vt 0.539908 0.016496
vt 0.515510 0.005570
vt 0.527533 0.000959
vt 0.530675 0.016347
vt 0.533357 0.013613
vt 0.530707 0.020275
vt 0.533434 0.023096
vt 0.537258 0.023158
vt 0.539940 0.020424
vt 0.537181 0.013675
vt 0.532860 0.012397
vt 0.532956 0.024296
vt 0.537756 0.024374
vt 0.541121 0.020944
vt 0.537659 0.012474
vt 0.487303 0.037334
vt 0.480416 0.049085
vt 0.459302 0.010858
vt 0.469760 0.019389
vt 0.494835 0.027046
vt 0.504257 0.038197
vt 0.476218 0.012460
vt 0.484037 0.000860
vt 0.475832 0.012610
vt 0.482719 0.000860
vt 0.503834 0.039086
vt 0.493375 0.030555
vt 0.468301 0.022899
vt 0.458878 0.011748
vt 0.486918 0.037485
vt 0.479099 0.049084
vt 0.475832 0.012609
vt 0.482721 0.000858
vt 0.503832 0.039091
vt 0.493374 0.030557
vt 0.468298 0.022897
vt 0.458876 0.011744
vt 0.486915 0.037486
vt 0.479094 0.049086
vt 0.487304 0.037335
vt 0.480415 0.049086
vt 0.459302 0.010855
vt 0.469761 0.019388
vt 0.494836 0.027047
vt 0.504259 0.038200
vt 0.476219 0.012458
vt 0.484040 0.000858
vt 0.529387 0.020559
vt 0.529810 0.017040
vt 0.530125 0.024025
vn 0.272997 -0.962015 0.000000
vn 0.272997 -0.962015 0.000000
vn 0.272997 -0.962015 0.000000
vn 0.272997 -0.962015 0.000000
vn 0.673023 -0.233852 0.701679
vn 0.673023 -0.233852 0.701679
vn 0.673023 -0.233852 0.701679
vn 0.673023 -0.233852 0.701679
vn -0.344508 -0.617506 0.707107
vn -0.344508 -0.617506 0.707107
vn -0.344508 -0.617506 0.707107
vn -0.344508 -0.617506 0.707107
vn 0.962013 0.273003 0.000000
vn 0.962013 0.273003 0.000000
vn 0.962013 0.273003 0.000000
vn 0.962013 0.273003 0.000000
vn 0.344507 0.617508 0.707106
vn 0.344507 0.617508 0.707106
vn 0.344507 0.617508 0.707106
vn 0.344507 0.617508 0.707106
vn -0.962015 -0.272998 0.000000
vn -0.962015 -0.272998 0.000000
vn -0.962015 -0.272998 0.000000
vn -0.962015 -0.272998 0.000000
vn -0.552507 0.449873 0.701677
vn -0.552507 0.449873 0.701676
vn -0.552507 0.449873 0.701676
vn -0.552508 0.449873 0.701676
vn -0.272998 0.962015 0.000000
vn -0.272998 0.962015 0.000000
vn -0.272998 0.962015 0.000000
vn -0.272998 0.962015 0.000000
vn 0.084574 0.151594 0.984818
vn 0.084574 0.151594 0.984818
vn 0.084574 0.151594 0.984818
vn 0.084574 0.151594 0.984818
vn -0.873287 0.487207 0.000000
vn -0.873287 0.487207 0.000000
vn -0.873287 0.487207 0.000000
vn -0.873287 0.487207 0.000000
vn 0.873287 -0.487207 0.000000
vn 0.873287 -0.487207 0.000000
vn 0.873287 -0.487207 0.000000
vn 0.873287 -0.487207 0.000000
vn 0.487207 0.873287 0.000000
vn 0.487207 0.873287 0.000000
vn 0.487207 0.873287 0.000000
vn 0.487207 0.873287 0.000000
vn -0.487207 -0.873287 0.000000
vn -0.487207 -0.873287 0.000000
vn -0.487207 -0.873287 0.000000
vn -0.487207 -0.873287 0.000000
vn 0.222901 -0.785482 0.577350
vn 0.222901 -0.785482 0.577350
vn 0.222901 -0.785482 0.577350
vn 0.785481 0.222906 0.577350
vn 0.785481 0.222906 0.577350
vn 0.785481 0.222906 0.577350
vn -0.785482 -0.222903 0.577350
vn -0.785482 -0.222903 0.577350
vn -0.785482 -0.222903 0.577350
vn -0.222903 0.785481 0.577351
vn -0.222903 0.785481 0.577351
vn -0.222903 0.785481 0.577351
vn -0.873286 0.487208 0.000000
vn -0.873286 0.487208 0.000000
vn -0.873286 0.487208 0.000000
vn -0.873286 0.487208 0.000000
vn -0.756527 -0.014063 0.653812
vn -0.756527 -0.014063 0.653812
vn -0.756526 -0.014063 0.653812
vn -0.756526 -0.014063 0.653812
vn -0.245238 -0.439572 0.864080
vn -0.245238 -0.439572 0.864081
vn -0.245238 -0.439572 0.864081
vn -0.245238 -0.439572 0.864080
vn 0.385402 -0.651148 0.653813
vn 0.385403 -0.651148 0.653813
vn 0.385403 -0.651148 0.653813
vn 0.385402 -0.651148 0.653813
vn 0.873286 -0.487209 0.000000
vn 0.873286 -0.487209 0.000000
vn 0.873286 -0.487209 0.000000
vn 0.873286 -0.487209 0.000000
vn 0.869928 0.376089 -0.319034
vn 0.869928 0.376089 -0.319034
vn 0.869928 0.376089 -0.319034
vn 0.869928 0.376089 -0.319034
vn 0.179686 0.933729 0.309617
vn 0.179686 0.933729 0.309617
vn 0.179686 0.933729 0.309617
vn 0.179686 0.933729 0.309617
vn 0.771613 0.079976 0.631044
vn 0.771613 0.079976 0.631044
vn 0.771613 0.079976 0.631044
vn 0.771613 0.079976 0.631044
vn -0.472248 0.821706 -0.319033
vn -0.472248 0.821706 -0.319033
vn -0.472248 0.821706 -0.319033
vn -0.472248 0.821706 -0.319033
vn -0.570559 0.525589 0.631045
vn -0.570559 0.525589 0.631045
vn -0.570559 0.525589 0.631045
vn -0.570559 0.525589 0.631045
vn 0.472246 -0.821706 0.319034
vn 0.472246 -0.821706 0.319034
vn 0.472246 -0.821706 0.319034
vn 0.472246 -0.821706 0.319034
vn -0.214941 -0.254872 0.942784
vn -0.214941 -0.254872 0.942784
vn -0.214941 -0.254872 0.942784
vn -0.214941 -0.254872 0.942784
vn -0.869926 -0.376093 0.319034
vn -0.869926 -0.376093 0.319034
vn -0.869926 -0.376093 0.319034
vn -0.869926 -0.376093 0.319034
vn -0.024740 0.476395 0.878883
vn -0.024740 0.476395 0.878883
vn -0.024740 0.476395 0.878883
vn -0.024740 0.476395 0.878883
vn -0.281203 -0.846971 0.451183
vn -0.281203 -0.846971 0.451183
vn -0.281203 -0.846971 0.451183
vn -0.281203 -0.846971 0.451183
vn 0.281203 0.846971 -0.451183
vn 0.281203 0.846971 -0.451183
vn 0.281203 0.846971 -0.451183
vn 0.281203 0.846971 -0.451183
vn -0.949059 0.315098 0.000000
vn -0.949059 0.315098 0.000000
vn -0.949059 0.315098 0.000000
vn -0.949059 0.315098 0.000000
vn 0.949059 -0.315098 -0.000001
vn 0.949059 -0.315098 -0.000001
vn 0.949059 -0.315098 -0.000001
vn 0.949059 -0.315098 -0.000001
vn 0.792372 0.554298 0.254756
vn 0.792372 0.554298 0.254756
vn 0.792372 0.554298 0.254756
vn -0.303510 0.918140 0.254756
vn -0.303510 0.918140 0.254756
vn -0.303510 0.918140 0.254756
vn 0.467666 -0.423700 0.775736
vn 0.467666 -0.423700 0.775736
vn 0.467666 -0.423700 0.775736
vn -0.628212 -0.059858 0.775736
vn -0.628212 -0.059858 0.775736
vn -0.628212 -0.059858 0.775736
vn -0.281203 -0.846971 0.451182
vn -0.281203 -0.846971 0.451182
vn -0.281203 -0.846971 0.451182
vn -0.281203 -0.846971 0.451182
vn 0.270558 -0.393808 0.878472
vn 0.270558 -0.393808 0.878472
vn 0.270558 -0.393808 0.878472
vn 0.270558 -0.393808 0.878472
vn 0.600555 0.211392 0.771134
vn 0.600555 0.211392 0.771134
vn 0.600555 0.211392 0.771134
vn 0.600555 0.211392 0.771134
vn 0.638269 0.713710 0.288496
vn 0.638269 0.713710 0.288496
vn 0.638269 0.713710 0.288496
vn 0.638269 0.713710 0.288496
vn 0.281203 0.846971 -0.451182
vn 0.281203 0.846971 -0.451182
vn 0.281203 0.846971 -0.451182
vn 0.281203 0.846971 -0.451182
vn 0.893895 0.448277 0.000000
vn 0.893895 0.448277 0.000000
vn 0.893895 0.448277 0.000000
vn 0.893895 0.448277 0.000000
vn 0.103713 0.704905 0.701678
vn 0.103713 0.704905 0.701678
vn 0.103713 0.704905 0.701678
vn 0.103713 0.704905 0.701678
vn 0.671086 -0.222807 0.707107
vn 0.671086 -0.222807 0.707107
vn 0.671086 -0.222807 0.707107
vn 0.671086 -0.222807 0.707107
vn -0.448277 0.893895 0.000000
vn -0.448277 0.893895 0.000000
vn -0.448277 0.893895 0.000000
vn -0.448277 0.893895 0.000000
vn -0.671086 0.222809 0.707106
vn -0.671086 0.222809 0.707106
vn -0.671086 0.222809 0.707106
vn -0.671086 0.222809 0.707106
vn 0.448278 -0.893894 0.000000
vn 0.448278 -0.893894 0.000000
vn 0.448278 -0.893894 0.000000
vn 0.448278 -0.893894 0.000000
vn -0.338479 -0.626964 0.701676
vn -0.338479 -0.626964 0.701676
vn -0.338479 -0.626964 0.701676
vn -0.338479 -0.626964 0.701676
vn -0.893893 -0.448281 0.000000
vn -0.893893 -0.448281 0.000000
vn -0.893893 -0.448281 0.000000
vn -0.893893 -0.448281 0.000000
vn -0.164748 0.054698 0.984818
vn -0.164748 0.054698 0.984818
vn -0.164748 0.054698 0.984818
vn -0.164748 0.054698 0.984818
vn -0.315099 -0.949059 0.000000
vn -0.315099 -0.949059 0.000000
vn -0.315099 -0.949059 0.000000
vn -0.315099 -0.949059 0.000000
vn 0.315096 0.949060 0.000000
vn 0.315096 0.949060 0.000000
vn 0.315096 0.949060 0.000000
vn 0.315096 0.949060 0.000000
vn -0.949059 0.315097 0.000000
vn -0.949059 0.315097 0.000000
vn -0.949059 0.315097 0.000000
vn -0.949059 0.315097 0.000000
vn 0.949059 -0.315098 0.000000
vn 0.949059 -0.315098 0.000000
vn 0.949059 -0.315098 0.000000
vn 0.949059 -0.315098 0.000000
vn 0.729862 0.366017 0.577349
vn 0.729862 0.366017 0.577349
vn 0.729862 0.366018 0.577349
vn -0.366016 0.729859 0.577354
vn -0.366016 0.729859 0.577354
vn -0.366016 0.729859 0.577354
vn 0.366016 -0.729862 0.577351
vn 0.366016 -0.729862 0.577351
vn 0.366016 -0.729862 0.577351
vn -0.729862 -0.366023 0.577347
vn -0.729862 -0.366023 0.577347
vn -0.729862 -0.366023 0.577347
vn -0.315098 -0.949059 0.000000
vn -0.315098 -0.949059 0.000000
vn -0.315098 -0.949059 0.000000
vn -0.315098 -0.949059 0.000000
vn 0.155450 -0.740516 0.653813
vn 0.155450 -0.740516 0.653813
vn 0.155450 -0.740516 0.653813
vn 0.155450 -0.740516 0.653813
vn 0.477712 -0.158604 0.864081
vn 0.477712 -0.158604 0.864081
vn 0.477712 -0.158604 0.864081
vn 0.477712 -0.158604 0.864081
vn 0.567479 0.500495 0.653814
vn 0.567479 0.500495 0.653814
vn 0.567479 0.500495 0.653814
vn 0.567479 0.500495 0.653814
vn 0.315098 0.949059 0.000000
vn 0.315098 0.949059 0.000000
vn 0.315098 0.949059 0.000000
vn 0.315098 0.949059 0.000000
vn 0.000000 0.000000 1.000000
vn 0.000000 0.000000 1.000000
vn 0.000000 0.000000 1.000000
vn 0.000000 0.000000 1.000000
vn -0.699916 -0.713781 -0.025171
vn -0.699916 -0.713781 -0.025171
vn -0.699916 -0.713781 -0.025171
vn -0.699916 -0.713781 -0.025171
vn 0.222263 -0.809685 0.543148
vn 0.222263 -0.809685 0.543148
vn 0.222263 -0.809685 0.543148
vn 0.222263 -0.809685 0.543148
vn -0.599303 -0.140630 0.788073
vn -0.599303 -0.140630 0.788073
vn -0.599303 -0.140630 0.788073
vn -0.599303 -0.140630 0.788073
vn 0.699915 -0.678434 -0.223264
vn 0.699915 -0.678434 -0.223264
vn 0.699915 -0.678434 -0.223264
vn 0.699915 -0.678434 -0.223264
vn 0.800523 -0.105281 0.589983
vn 0.800523 -0.105281 0.589983
vn 0.800523 -0.105281 0.589983
vn 0.800523 -0.105281 0.589983
vn -0.699909 0.678439 0.223265
vn -0.699909 0.678439 0.223265
vn -0.699909 0.678439 0.223265
vn -0.699909 0.678439 0.223265
vn 0.222261 0.571846 0.789678
vn 0.222261 0.571846 0.789678
vn 0.222261 0.571846 0.789678
vn 0.222261 0.571846 0.789678
vn 0.699913 0.713784 0.025173
vn 0.699913 0.713784 0.025173
vn 0.699913 0.713784 0.025173
vn 0.699913 0.713784 0.025173
vn 0.311948 -0.166906 0.935324
vn 0.311948 -0.166906 0.935324
vn 0.311948 -0.166906 0.935324
vn 0.311948 -0.166906 0.935324
vn -0.000001 0.984449 0.175673
vn -0.000001 0.984449 0.175673
vn -0.000001 0.984449 0.175673
vn -0.000001 0.984449 0.175673
vn 0.000000 -0.984449 -0.175671
vn 0.000000 -0.984449 -0.175671
vn 0.000000 -0.984449 -0.175671
vn 0.000000 -0.984449 -0.175671
vn 0.989826 0.024996 -0.140072
vn 0.989826 0.024996 -0.140072
vn 0.989826 0.024996 -0.140072
vn 0.989826 0.024996 -0.140072
vn -0.989826 -0.024996 0.140072
vn -0.989826 -0.024996 0.140072
vn -0.989826 -0.024996 0.140072
vn -0.989826 -0.024996 0.140072
vn -0.489330 -0.683195 0.542034
vn -0.489330 -0.683195 0.542034
vn -0.489330 -0.683195 0.542034
vn 0.653624 -0.654333 0.380294
vn 0.653624 -0.654333 0.380294
vn 0.653624 -0.654333 0.380294
vn -0.489325 0.453551 0.744884
vn -0.489325 0.453551 0.744884
vn -0.489325 0.453551 0.744884
vn 0.653623 0.482410 0.583144
vn 0.653623 0.482410 0.583144
vn 0.653623 0.482410 0.583144
vn -0.000006 0.984448 0.175674
vn -0.000006 0.984448 0.175674
vn -0.000006 0.984448 0.175674
vn -0.000006 0.984448 0.175674
vn -0.283965 0.520439 0.805299
vn -0.283965 0.520439 0.805299
vn -0.283965 0.520439 0.805299
vn -0.283965 0.520439 0.805299
vn -0.375287 -0.162832 0.912494
vn -0.375287 -0.162832 0.912494
vn -0.375287 -0.162832 0.912494
vn -0.375287 -0.162832 0.912494
vn -0.283966 -0.766852 0.575588
vn -0.283966 -0.766852 0.575588
vn -0.283966 -0.766852 0.575588
vn -0.283966 -0.766852 0.575588
vn 0.000001 -0.984449 -0.175672
vn 0.000001 -0.984449 -0.175672
vn 0.000001 -0.984449 -0.175672
vn 0.000001 -0.984449 -0.175672
vn 0.382676 0.923882 0.000000
vn 0.382676 0.923882 0.000000
vn 0.382676 0.923882 0.000000
vn 0.382676 0.923882 0.000000
vn -0.382678 0.923882 0.000000
vn -0.382678 0.923882 0.000000
vn -0.382678 0.923882 0.000000
vn -0.382678 0.923882 0.000000
vn -0.923881 0.382681 0.000001
vn -0.923881 0.382681 0.000001
vn -0.923881 0.382681 0.000001
vn -0.923881 0.382681 0.000001
vn -0.923880 -0.382682 -0.000002
vn -0.923880 -0.382682 -0.000002
vn -0.923880 -0.382682 -0.000002
vn -0.923880 -0.382682 -0.000002
vn -0.382681 -0.923881 -0.000002
vn -0.382681 -0.923881 -0.000002
vn -0.382681 -0.923881 -0.000002
vn -0.382681 -0.923881 -0.000002
vn 0.382680 -0.923881 -0.000002
vn 0.382680 -0.923881 -0.000002
vn 0.382680 -0.923881 -0.000002
vn 0.382680 -0.923881 -0.000002
vn 0.923880 -0.382682 -0.000002
vn 0.923880 -0.382682 -0.000002
vn 0.923880 -0.382682 -0.000002
vn 0.923880 -0.382682 -0.000002
vn 0.923881 0.382681 0.000001
vn 0.923881 0.382681 0.000001
vn 0.923881 0.382681 0.000001
vn 0.923881 0.382681 0.000001
vn 0.338456 -0.391592 0.855631
vn 0.338456 -0.391592 0.855631
vn 0.338456 -0.391592 0.855631
vn 0.338456 -0.391592 0.855631
vn 0.338465 -0.391595 0.855625
vn 0.338465 -0.391595 0.855625
vn 0.338465 -0.391595 0.855625
vn 0.338465 -0.391595 0.855625
vn 0.338456 -0.391587 0.855633
vn 0.338456 -0.391587 0.855633
vn 0.338456 -0.391587 0.855633
vn 0.338456 -0.391587 0.855633
vn 0.338458 -0.391589 0.855631
vn 0.338458 -0.391589 0.855631
vn 0.338458 -0.391589 0.855631
vn 0.338458 -0.391589 0.855631
vn 0.338461 -0.391584 0.855632
vn 0.338461 -0.391584 0.855632
vn 0.338461 -0.391584 0.855632
vn 0.338461 -0.391584 0.855632
vn 0.338461 -0.391583 0.855633
vn 0.338461 -0.391583 0.855633
vn 0.338461 -0.391583 0.855633
vn 0.338461 -0.391583 0.855633
vn 0.338450 -0.391586 0.855635
vn 0.338450 -0.391586 0.855636
vn 0.338450 -0.391586 0.855636
vn 0.338450 -0.391586 0.855636
vn 0.338453 -0.391592 0.855632
vn 0.338453 -0.391592 0.855632
vn 0.338453 -0.391592 0.855632
vn 0.338453 -0.391592 0.855632
vn -0.461438 -0.870517 -0.171103
vn -0.461438 -0.870517 -0.171103
vn -0.461438 -0.870517 -0.171103
vn -0.461438 -0.870517 -0.171103
vn 0.200145 -0.791073 -0.578053
vn 0.200145 -0.791073 -0.578053
vn 0.200146 -0.791073 -0.578053
vn 0.200145 -0.791073 -0.578053
vn 0.721527 -0.283954 -0.631482
vn 0.721527 -0.283954 -0.631482
vn 0.721527 -0.283954 -0.631482
vn 0.721527 -0.283954 -0.631482
vn 0.861719 0.391249 -0.323054
vn 0.861719 0.391249 -0.323054
vn 0.861719 0.391249 -0.323054
vn 0.861719 0.391249 -0.323054
vn 0.477392 0.849849 0.223280
vn 0.477392 0.849849 0.223280
vn 0.477392 0.849849 0.223280
vn 0.477392 0.849849 0.223280
vn -0.177157 0.757198 0.628702
vn -0.177157 0.757198 0.628702
vn -0.177157 0.757199 0.628702
vn -0.177157 0.757198 0.628702
vn -0.686993 0.257080 0.679669
vn -0.686993 0.257080 0.679669
vn -0.686993 0.257080 0.679669
vn -0.686993 0.257080 0.679669
vn -0.834604 -0.405419 0.372922
vn -0.834605 -0.405419 0.372922
vn -0.834604 -0.405419 0.372922
vn -0.834604 -0.405419 0.372922
vn 0.844183 0.373700 -0.384322
vn 0.844183 0.373700 -0.384322
vn 0.844183 0.373700 -0.384322
vn 0.844183 0.373700 -0.384322
vn 0.650479 -0.256973 -0.714732
vn 0.650479 -0.256973 -0.714732
vn 0.650479 -0.256973 -0.714732
vn 0.650479 -0.256973 -0.714732
vn 0.208539 -0.710767 -0.671805
vn 0.208539 -0.710767 -0.671805
vn 0.208539 -0.710767 -0.671805
vn 0.208539 -0.710767 -0.671805
vn -0.436386 -0.868761 -0.234143
vn -0.436386 -0.868761 -0.234143
vn -0.436386 -0.868761 -0.234143
vn -0.436386 -0.868761 -0.234143
vn -0.859810 -0.370276 0.351600
vn -0.859810 -0.370276 0.351600
vn -0.859810 -0.370276 0.351600
vn -0.859810 -0.370276 0.351600
vn -0.727597 0.306481 0.613737
vn -0.727597 0.306481 0.613737
vn -0.727597 0.306481 0.613737
vn -0.727597 0.306481 0.613737
vn -0.246299 0.779332 0.576176
vn -0.246299 0.779332 0.576176
vn -0.246299 0.779332 0.576176
vn -0.246299 0.779332 0.576176
vn 0.434504 0.873381 0.220028
vn 0.434504 0.873381 0.220028
vn 0.434504 0.873381 0.220028
vn 0.434504 0.873381 0.220028
vn 0.241181 -0.227745 0.943379
vn 0.241181 -0.227745 0.943379
vn 0.241181 -0.227745 0.943379
vn 0.241183 -0.227744 0.943379
vn 0.241183 -0.227744 0.943379
vn 0.241183 -0.227744 0.943379
vn 0.241180 -0.227746 0.943379
vn 0.241180 -0.227746 0.943379
vn 0.241180 -0.227746 0.943379
vn 0.241179 -0.227744 0.943380
vn 0.241179 -0.227744 0.943380
vn 0.241179 -0.227744 0.943380
vn 0.241179 -0.227743 0.943380
vn 0.241178 -0.227743 0.943380
vn 0.241179 -0.227743 0.943380
vn 0.241178 -0.227746 0.943379
vn 0.241178 -0.227746 0.943379
vn 0.241178 -0.227746 0.943379
vn 0.241177 -0.227740 0.943381
vn 0.241177 -0.227740 0.943381
vn 0.241177 -0.227740 0.943381
vn 0.241180 -0.227743 0.943380
vn 0.241180 -0.227743 0.943380
vn 0.241180 -0.227743 0.943380
s off
g Underground
usemtl initialShadingGroup
f 510/752/1553 512/964/1554 527/965/1555 526/755/1556
f 533/756/1557 534/757/1558 515/758/1559 514/759/1560
f 512/753/1561 511/760/1562 517/761/1563 516/961/1564
f 513/962/1565 515/758/1566 529/764/1567 528/765/1568
f 514/759/1569 513/763/1570 521/766/1571 520/767/1572
f 516/762/1573 518/768/1574 523/769/1575 522/770/1576
f 531/771/1577 532/772/1578 520/767/1579 519/773/1580
f 519/773/1581 521/958/1582 525/959/1583 524/775/1584
f 532/772/1585 533/756/1586 514/759/1587 520/767/1588
f 530/776/1589 531/771/1590 519/773/1591 524/775/1592
f 534/757/1593 535/777/1594 529/764/1595 515/758/1596
f 513/763/1597 528/963/1598 525/774/1599 521/766/1600
f 527/754/1601 512/753/1602 516/961/1603 522/960/1604
f 510/752/1605 511/760/1606 512/964/1607
f 513/962/1608 514/759/1609 515/758/1610
f 516/762/1611 517/761/1612 518/768/1613
f 519/773/1614 520/767/1615 521/958/1616
f 518/768/1617 531/771/1618 530/776/1619 523/769/1620
f 518/768/1621 517/761/1622 532/772/1623 531/771/1624
f 511/760/1625 533/756/1626 532/772/1627 517/761/1628
f 511/760/1629 510/752/1630 534/757/1631 533/756/1632
f 510/752/1633 526/755/1634 535/777/1635 534/757/1636
f 536/778/1637 538/956/1638 553/957/1639 552/781/1640
f 559/782/1641 560/783/1642 541/784/1643 540/785/1644
f 538/779/1645 537/786/1646 543/787/1647 542/953/1648
f 539/954/1649 541/784/1650 555/790/1651 554/791/1652
f 540/785/1653 539/789/1654 547/792/1655 546/793/1656
f 542/788/1657 544/794/1658 549/795/1659 548/796/1660
f 557/797/1661 558/798/1662 546/793/1663 545/799/1664
f 545/799/1665 547/950/1666 551/951/1667 550/801/1668
f 558/798/1669 559/782/1670 540/785/1671 546/793/1672
f 556/802/1673 557/797/1674 545/799/1675 550/801/1676
f 560/783/1677 561/803/1678 555/790/1679 541/784/1680
f 539/789/1681 554/955/1682 551/800/1683 547/792/1684
f 553/780/1685 538/779/1686 542/953/1687 548/952/1688
f 536/778/1689 537/786/1690 538/956/1691
f 539/954/1692 540/785/1693 541/784/1694
f 542/788/1695 543/787/1696 544/794/1697
f 545/799/1698 546/793/1699 547/950/1700
f 544/794/1701 557/797/1702 556/802/1703 549/795/1704
f 544/794/1705 543/787/1706 558/798/1707 557/797/1708
f 537/786/1709 559/782/1710 558/798/1711 543/787/1712
f 537/786/1713 536/778/1714 560/783/1715 559/782/1716
f 536/778/1717 552/781/1718 561/803/1719 560/783/1720
f 562/804/1721 564/948/1722 579/949/1723 578/807/1724
f 585/808/1725 586/809/1726 567/810/1727 566/811/1728
f 564/805/1729 563/812/1730 569/813/1731 568/945/1732
f 565/946/1733 567/810/1734 581/816/1735 580/817/1736
f 566/811/1737 565/815/1738 573/818/1739 572/819/1740
f 568/814/1741 570/820/1742 575/821/1743 574/822/1744
f 583/823/1745 584/824/1746 572/819/1747 571/825/1748
f 571/825/1749 573/942/1750 577/943/1751 576/827/1752
f 584/824/1753 585/808/1754 566/811/1755 572/819/1756
f 582/828/1757 583/823/1758 571/825/1759 576/827/1760
f 586/809/1761 587/829/1762 581/816/1763 567/810/1764
f 565/815/1765 580/947/1766 577/826/1767 573/818/1768
f 579/806/1769 564/805/1770 568/945/1771 574/944/1772
f 562/804/1773 563/812/1774 564/948/1775
f 565/946/1776 566/811/1777 567/810/1778
f 568/814/1779 569/813/1780 570/820/1781
f 571/825/1782 572/819/1783 573/942/1784
f 570/820/1785 583/823/1786 582/828/1787 575/821/1788
f 570/820/1789 569/813/1790 584/824/1791 583/823/1792
f 563/812/1793 585/808/1794 584/824/1795 569/813/1796
f 563/812/1797 562/804/1798 586/809/1799 585/808/1800
f 562/804/1801 578/807/1802 587/829/1803 586/809/1804
f 588/830/1805 589/831/1806 591/832/1807 590/833/1808
f 592/834/1809 594/940/1810 609/941/1811 608/837/1812
f 615/838/1813 616/839/1814 597/840/1815 596/841/1816
f 594/835/1817 593/842/1818 599/843/1819 598/937/1820
f 595/938/1821 597/840/1822 611/846/1823 610/847/1824
f 596/841/1825 595/845/1826 603/848/1827 602/849/1828
f 598/844/1829 600/850/1830 605/851/1831 604/852/1832
f 613/853/1833 614/854/1834 602/849/1835 601/855/1836
f 601/855/1837 603/934/1838 607/935/1839 606/857/1840
f 614/854/1841 615/838/1842 596/841/1843 602/849/1844
f 612/858/1845 613/853/1846 601/855/1847 606/857/1848
f 616/839/1849 617/859/1850 611/846/1851 597/840/1852
f 595/845/1853 610/939/1854 607/856/1855 603/848/1856
f 609/836/1857 594/835/1858 598/937/1859 604/936/1860
f 592/834/1861 593/842/1862 594/940/1863
f 595/938/1864 596/841/1865 597/840/1866
f 598/844/1867 599/843/1868 600/850/1869
f 601/855/1870 602/849/1871 603/934/1872
f 600/850/1873 613/853/1874 612/858/1875 605/851/1876
f 600/850/1877 599/843/1878 614/854/1879 613/853/1880
f 593/842/1881 615/838/1882 614/854/1883 599/843/1884
f 593/842/1885 592/834/1886 616/839/1887 615/838/1888
f 592/834/1889 608/837/1890 617/859/1891 616/839/1892
f 618/860/1893 619/861/1894 657/901/1895 650/863/1896
f 619/861/1897 620/864/1898 656/905/1899 657/901/1900
f 620/921/1901 621/866/1902 655/906/1903 656/904/1904
f 621/866/1905 622/868/1906 654/907/1907 655/906/1908
f 622/868/1909 623/870/1910 653/908/1911 654/907/1912
f 623/870/1913 624/872/1914 652/909/1915 653/908/1916
f 624/872/1917 625/874/1918 651/910/1919 652/909/1920
f 625/874/1921 618/860/1922 650/863/1923 651/910/1924
f 626/929/1925 627/933/1926 635/928/1927 634/923/1928
f 627/933/1929 628/911/1930 636/919/1931 635/928/1932
f 628/911/1933 629/932/1934 637/927/1935 636/919/1936
f 629/932/1937 630/931/1938 638/926/1939 637/927/1940
f 630/931/1941 631/930/1942 639/925/1943 638/926/1944
f 631/930/1945 632/888/1946 640/924/1947 639/925/1948
f 632/888/1949 633/890/1950 641/922/1951 640/924/1952
f 633/890/1953 626/929/1954 634/923/1955 641/922/1956
f 643/918/1957 642/913/1958 634/879/1959 635/878/1960
f 644/917/1961 643/918/1962 635/878/1963 636/920/1964
f 645/915/1965 644/916/1966 636/881/1967 637/883/1968
f 646/914/1969 645/915/1970 637/883/1971 638/885/1972
f 647/968/1973 646/914/1974 638/885/1975 639/887/1976
f 648/966/1977 647/968/1978 639/887/1979 640/889/1980
f 649/967/1981 648/966/1982 640/889/1983 641/891/1984
f 642/913/1985 649/967/1986 641/891/1987 634/879/1988
f 651/875/1989 650/902/1990 626/876/1991 633/890/1992
f 652/873/1993 651/875/1994 633/890/1995 632/888/1996
f 653/871/1997 652/873/1998 632/888/1999 631/886/2000
f 654/869/2001 653/871/2002 631/886/2003 630/884/2004
f 655/867/2005 654/869/2006 630/884/2007 629/882/2008
f 656/903/2009 655/867/2010 629/882/2011 628/912/2012
f 657/862/2013 656/865/2014 628/880/2015 627/877/2016
f 650/902/2017 657/862/2018 627/877/2019 626/876/2020
f 648/898/2021 658/900/2022 647/897/2023
f 643/892/2024 644/894/2025 658/900/2026
f 658/900/2027 644/894/2028 645/895/2029
f 658/900/2030 645/895/2031 646/896/2032
f 658/900/2033 646/896/2034 647/897/2035
f 649/899/2036 658/900/2037 648/898/2038
f 642/893/2039 658/900/2040 649/899/2041
f 643/892/2042 658/900/2043 642/893/2044
g default
v 0.000000 0.000000 0.000000
v 200.000000 0.000000 0.000000
v 0.000000 0.000000 -400.000000
v 200.000000 0.000000 -400.000000
vt 0.028492 0.044848
vt 0.153492 0.044839
vt 0.153512 0.294839
vt 0.028512 0.294848
vn 0.000000 1.000000 0.000000
vn 0.000000 1.000000 0.000000
vn 0.000000 1.000000 0.000000
vn 0.000000 1.000000 0.000000
s off
g Street
usemtl initialShadingGroup
f 659/969/2045 660/970/2046 662/971/2047 661/972/2048
g default
v 200.000000 0.000000 0.000000
v 0.000000 0.000000 0.000000
v 200.000000 100.000000 0.000000
v 34.767517 100.000000 0.000000
v 200.000000 100.000000 -400.000000
v 34.767517 100.000000 -400.000000
v 0.000000 0.000000 -400.000000
v 200.000000 84.279541 38.469727
v 0.000000 84.279541 -400.000000
v 34.767517 84.279541 38.469727
v 200.000000 37.977676 38.469727
v 0.000000 37.977676 -400.000000
v 34.767517 37.977676 38.469727
v 0.000000 84.279541 0.000069
v 0.000000 37.977676 0.000069
vt 0.180903 0.000496
vt 0.180902 0.034282
vt 0.024845 0.056782
vt 0.001107 0.089190
vt 0.180900 0.089194
vt 0.180894 0.339194
vt 0.077623 0.339191
vt 0.077630 0.089192
vt 0.024844 0.089190
vt 0.024837 0.339190
vt 0.001101 0.339189
vt 0.053776 0.339191
vt 0.053782 0.089191
vt 0.180901 0.063221
vt 0.053783 0.056783
vt 0.072662 0.074621
vt 0.077632 0.034279
vt 0.077631 0.063218
vt 0.055903 0.000493
vn 0.000000 -0.711643 0.702541
vn 0.000000 -0.711643 0.702541
vn 0.000000 -0.711643 0.702541
vn 0.000000 -0.711643 0.702541
vn 0.000000 1.000000 0.000000
vn 0.000000 1.000000 0.000000
vn 0.000000 1.000000 0.000000
vn 0.000000 1.000000 0.000000
vn -1.000000 -0.000001 0.000000
vn -1.000000 -0.000001 0.000000
vn -1.000000 -0.000001 0.000000
vn -1.000000 -0.000001 0.000000
vn -0.412000 0.911184 0.000000
vn -0.412000 0.911184 0.000000
vn -0.412000 0.911184 0.000000
vn -0.412000 0.911184 0.000000
vn 0.000000 0.925692 0.378279
vn 0.000000 0.925692 0.378279
vn 0.000000 0.925692 0.378279
vn 0.000000 0.925692 0.378279
vn -1.000000 0.000000 0.000000
vn -1.000000 0.000000 0.000000
vn -1.000000 0.000000 0.000000
vn -1.000000 0.000000 0.000000
vn 0.000000 0.000000 1.000000
vn 0.000000 0.000000 1.000000
vn 0.000000 0.000000 1.000000
vn 0.000000 0.000000 1.000000
vn -0.386103 0.853909 0.348947
vn -0.386103 0.853909 0.348947
vn -0.386103 0.853909 0.348947
vn -0.741904 0.000000 0.670506
vn -0.741904 0.000000 0.670506
vn -0.741904 0.000000 0.670506
vn -0.741904 0.000000 0.670506
vn -0.741904 -0.000002 0.670506
vn -0.741904 -0.000002 0.670506
vn -0.741904 -0.000002 0.670506
s off
g River_Corner_Right
usemtl initialShadingGroup
f 663/973/2049 673/974/2050 675/989/2051 664/991/2052
f 665/977/2053 667/978/2054 668/979/2055 666/980/2056
f 664/976/2057 677/981/2058 674/982/2059 669/983/2060
f 666/980/2061 668/979/2062 671/984/2063 676/985/2064
f 670/986/2065 665/977/2066 666/980/2067 672/990/2068
f 676/985/2069 671/984/2070 674/982/2071 677/981/2072
f 673/974/2073 670/986/2074 672/990/2075 675/989/2076
f 672/987/2077 666/988/2078 676/985/2079
f 675/975/2080 672/987/2081 676/985/2082 677/981/2083
f 664/976/2084 675/975/2085 677/981/2086
g default
v 100.000000 100.000000 -400.000000
v 100.000000 100.000000 0.000000
v 300.000000 100.000000 -400.000000
v 300.000000 100.000000 0.000000
v 0.000000 0.000000 0.000000
v 100.000000 0.000000 0.000000
v 300.000000 0.000000 0.000000
v 0.000000 200.000000 -400.000000
v 0.000000 200.000000 0.000000
v 400.000000 200.000000 -400.000000
v 400.000000 200.000000 0.000000
v 400.000000 0.000000 0.000000
vt 0.421752 0.002787
vt 0.457314 0.250244
vt 0.369825 0.262818
vt 0.332326 0.332791
vt 0.419971 0.263015
vt 0.457056 0.015781
vt 0.382398 0.350307
vt 0.332367 0.312849
vt 0.457355 0.020303
vt 0.332561 0.249903
vt 0.369646 0.002669
vt 0.406860 0.350425
vt 0.457326 0.332803
vt 0.334262 0.015360
vt 0.457349 0.082803
vt 0.457121 0.313276
vt 0.332350 0.082791
vt 0.332355 0.020291
vn 0.707107 0.707107 0.000000
vn 0.707107 0.707107 0.000000
vn 0.707107 0.707107 0.000000
vn 0.707107 0.707107 0.000000
vn 0.000000 1.000000 0.000000
vn 0.000000 1.000000 0.000000
vn 0.000000 1.000000 0.000000
vn 0.000000 1.000000 0.000000
vn 0.000000 0.000000 1.000000
vn 0.000000 0.000000 1.000000
vn 0.000000 0.000000 1.000000
vn 0.000000 0.000000 1.000000
vn 0.000000 0.000000 1.000000
vn 0.000000 0.000000 1.000000
vn 0.000000 0.000000 1.000000
vn 0.000000 0.000000 1.000000
vn -0.707107 0.707107 0.000000
vn -0.707107 0.707107 0.000000
vn -0.707107 0.707107 0.000000
vn -0.707107 0.707107 0.000000
vn 0.000000 0.000000 1.000000
vn 0.000000 0.000000 1.000000
vn 0.000000 0.000000 1.000000
vn 0.000000 0.000000 1.000000
s off
g River_Bed
usemtl initialShadingGroup
f 685/992/2087 686/993/2088 679/994/2089 678/1005/2090
f 678/995/2091 679/1008/2092 681/1006/2093 680/1004/2094
f 679/994/2095 686/993/2096 682/998/2097 683/999/2098
f 681/1006/2099 679/1008/2100 683/1009/2101 684/1000/2102
f 680/997/2103 681/996/2104 688/1001/2105 687/1002/2106
f 681/996/2107 684/1007/2108 689/1003/2109 688/1001/2110
g default
v -268.564293 -0.000020 0.000000
v 0.000000 -0.000020 0.000000
v -268.564293 664.008050 0.000000
v 0.000000 664.008050 0.000000
v -268.564293 664.008050 -268.564068
v 0.000000 664.008050 -268.564068
v -268.564293 -0.000020 -268.564068
v 0.000000 -0.000020 -268.564068
v -268.564293 664.008050 -63.424695
v -268.564293 -0.000020 -63.424695
v 0.000000 -0.000020 -63.424695
v 0.000000 664.008050 -63.424695
v -63.424716 -0.000020 0.000000
v -63.424716 664.008050 0.000000
v -63.424716 664.008050 -63.424859
v -63.424716 664.008050 -268.564068
v -63.424716 -0.000020 -268.564068
v -268.564293 -0.000020 -205.140028
v -268.564293 664.008050 -205.140028
v -63.424716 664.008050 -205.140028
v 0.000000 664.008050 -205.140028
v 0.000000 -0.000020 -205.140028
v -205.139475 -0.000020 0.000000
v -205.139475 664.008050 0.000000
v -205.139475 664.008050 -63.424859
v -205.139475 664.008050 -205.140028
v -205.139475 664.008050 -268.564068
v -205.139475 -0.000020 -268.564068
v -134.282095 883.311494 -134.282280
v -31.712348 767.956749 -31.712184
v -31.712348 767.956749 -236.852212
v -236.851905 767.956749 -31.712184
v -236.851905 767.956749 -236.852212
vt 0.358816 0.740652
vt 0.336469 0.788975
vt 0.001170 0.997134
vt 0.317055 0.996516
vt 0.020585 0.789593
vt 0.326492 0.755032
vt 0.361477 0.760293
vt 0.085096 0.996970
vt 0.084690 0.789468
vt 0.104511 0.789429
vt 0.104917 0.996931
vt 0.235812 0.778512
vt 0.252543 0.789139
vt 0.252949 0.996641
vt 0.233129 0.996680
vt 0.020991 0.997095
vt 0.064871 0.789506
vt 0.065277 0.997008
vt 0.169023 0.996805
vt 0.168617 0.789303
vt 0.188437 0.789265
vt 0.188843 0.996767
vt 0.074714 0.755525
vt 0.109699 0.760786
vt 0.272363 0.789100
vt 0.272769 0.996602
vt 0.227422 0.760556
vt 0.262386 0.755158
vt 0.143496 0.760720
vt 0.151886 0.778677
vt 0.178460 0.755322
vt 0.149202 0.996844
vt 0.410868 0.900650
vt 0.000764 0.789632
vt 0.346217 0.969536
vt 0.353158 0.778283
vt 0.107038 0.741145
vt 0.384713 0.991430
vt 0.505161 0.906470
vt 0.316649 0.789014
vt 0.451059 0.986148
vt 0.146080 0.741069
vt 0.492149 0.948801
vt 0.230006 0.740904
vt 0.356015 0.952308
vt 0.486216 0.900646
vt 0.394511 0.974201
vt 0.396084 0.993959
vt 0.440230 0.990444
vt 0.438657 0.970686
vt 0.473204 0.942977
vt 0.485605 0.958438
vt 0.336875 0.996477
vt 0.148796 0.789342
vt 0.101379 0.778775
vt 0.232723 0.789178
vn 0.000000 0.000000 1.000000
vn 0.000000 0.000000 1.000000
vn 0.000000 0.000000 1.000000
vn 0.000000 0.000000 1.000000
vn -0.000002 0.291802 -0.956479
vn -0.000002 0.291802 -0.956479
vn -0.000002 0.291802 -0.956479
vn 0.000000 0.000000 -1.000000
vn 0.000000 0.000000 -1.000000
vn 0.000000 0.000000 -1.000000
vn 0.000000 0.000000 -1.000000
vn 1.000000 0.000000 0.000000
vn 1.000000 0.000000 0.000000
vn 1.000000 0.000000 0.000000
vn 1.000000 0.000000 0.000000
vn -1.000000 0.000000 0.000000
vn -1.000000 0.000000 0.000000
vn -1.000000 0.000000 0.000000
vn -1.000000 0.000000 0.000000
vn -1.000000 0.000000 0.000000
vn -1.000000 0.000000 0.000000
vn -1.000000 0.000000 0.000000
vn -1.000000 0.000000 0.000000
vn 1.000000 0.000000 0.000000
vn 1.000000 0.000000 0.000000
vn 1.000000 0.000000 0.000000
vn 1.000000 0.000000 0.000000
vn -0.956479 0.291800 0.000000
vn -0.956479 0.291800 0.000000
vn -0.956479 0.291800 0.000000
vn -1.000000 0.000000 0.000000
vn -1.000000 0.000000 0.000000
vn -1.000000 0.000000 0.000000
vn -1.000000 0.000000 0.000000
vn 1.000000 0.000000 0.000000
vn 1.000000 0.000000 0.000000
vn 1.000000 0.000000 0.000000
vn 1.000000 0.000000 0.000000
vn 0.000000 1.000000 0.000000
vn 0.000000 1.000000 0.000000
vn 0.000000 1.000000 0.000000
vn 0.000000 1.000000 0.000000
vn 0.000000 0.000000 1.000000
vn 0.000000 0.000000 1.000000
vn 0.000000 0.000000 1.000000
vn 0.000000 0.000000 1.000000
vn 0.000002 0.291802 -0.956479
vn 0.000002 0.291802 -0.956479
vn 0.000002 0.291802 -0.956479
vn 0.000000 1.000000 0.000000
vn 0.000000 1.000000 0.000000
vn 0.000000 1.000000 0.000000
vn 0.000000 1.000000 0.000000
vn -0.956479 0.291800 0.000000
vn -0.956479 0.291800 0.000000
vn -0.956479 0.291800 0.000000
vn 0.000000 0.000000 -1.000000
vn 0.000000 0.000000 -1.000000
vn 0.000000 0.000000 -1.000000
vn 0.000000 0.000000 -1.000000
vn 0.000000 0.000000 1.000000
vn 0.000000 0.000000 1.000000
vn 0.000000 0.000000 1.000000
vn 0.000000 0.000000 1.000000
vn 0.000000 1.000000 0.000000
vn 0.000000 1.000000 0.000000
vn 0.000000 1.000000 0.000000
vn 0.000000 1.000000 0.000000
vn 0.000000 1.000000 0.000000
vn 0.000000 1.000000 0.000000
vn 0.000000 1.000000 0.000000
vn 0.000000 1.000000 0.000000
vn 0.000000 0.000000 -1.000000
vn 0.000000 0.000000 -1.000000
vn 0.000000 0.000000 -1.000000
vn 0.000000 0.000000 -1.000000
vn 0.951564 0.307452 0.000000
vn 0.951564 0.307452 0.000000
vn 0.951564 0.307452 0.000000
vn 0.000000 0.307454 -0.951563
vn 0.000000 0.307454 -0.951563
vn 0.000000 0.307454 -0.951563
vn 0.000000 0.307452 0.951564
vn 0.000000 0.307452 0.951564
vn 0.000000 0.307452 0.951564
vn -0.951564 0.307452 0.000000
vn -0.951564 0.307452 0.000000
vn -0.951564 0.307452 0.000000
vn -0.956479 0.291800 0.000000
vn -0.956479 0.291800 0.000000
vn -0.956479 0.291800 0.000000
vn 0.000000 0.291799 0.956480
vn 0.000000 0.291799 0.956480
vn 0.000000 0.291799 0.956480
vn 0.956479 0.291800 0.000000
vn 0.956479 0.291800 0.000000
vn 0.956479 0.291800 0.000000
vn 0.000000 0.291796 -0.956481
vn 0.000000 0.291796 -0.956481
vn 0.000000 0.291796 -0.956481
vn 0.000000 0.291799 0.956480
vn 0.000000 0.291799 0.956480
vn 0.000000 0.291799 0.956480
vn 0.956479 0.291800 0.000000
vn 0.956479 0.291800 0.000000
vn 0.956479 0.291800 0.000000
vn -0.956479 0.291800 0.000000
vn -0.956479 0.291800 0.000000
vn -0.956479 0.291800 0.000000
vn 0.000000 0.291798 0.956480
vn 0.000000 0.291798 0.956480
vn 0.000000 0.291798 0.956480
vn 0.956479 0.291801 0.000000
vn 0.956479 0.291801 0.000000
vn 0.956479 0.291801 0.000000
vn 0.000000 0.291796 -0.956481
vn 0.000000 0.291796 -0.956481
vn 0.000000 0.291796 -0.956481
vn 0.000000 0.291798 0.956480
vn 0.000000 0.291798 0.956480
vn 0.000000 0.291798 0.956480
vn 0.956479 0.291800 0.000000
vn 0.956479 0.291800 0.000000
vn 0.956479 0.291800 0.000000
s off
g Tower
usemtl initialShadingGroup
f 713/1049/2111 692/1011/2112 690/1062/2113 712/1013/2114
f 698/1045/2115 721/1015/2116 714/1016/2117
f 696/1017/2118 694/1018/2119 716/1019/2120 717/1020/2121
f 701/1065/2122 693/1022/2123 691/1023/2124 700/1024/2125
f 690/1012/2126 692/1043/2127 698/1014/2128 699/1025/2129
f 708/1026/2130 694/1018/2131 696/1017/2132 707/1027/2133
f 697/1028/2134 695/1029/2135 710/1030/2136 711/1031/2137
f 708/1026/2138 722/1032/2139 694/1018/2140
f 699/1025/2141 698/1014/2142 708/1026/2143 707/1027/2144
f 710/1030/2145 701/1065/2146 700/1024/2147 711/1031/2148
f 708/1047/2149 698/1044/2150 714/1054/2151 715/1056/2152
f 693/1022/2153 703/1034/2154 702/1035/2155 691/1023/2156
f 701/1021/2157 704/1036/2158 719/1037/2159
f 704/1060/2160 701/1061/2161 710/1050/2162 709/1059/2163
f 705/1039/2164 709/1038/2165 720/1040/2166
f 706/1041/2167 705/1063/2168 695/1029/2169 697/1028/2170
f 703/1034/2171 713/1049/2172 712/1013/2173 702/1035/2174
f 714/1055/2175 713/1048/2176 703/1052/2177 704/1060/2178
f 705/1058/2179 716/1057/2180 715/1056/2181 709/1059/2182
f 706/1041/2183 717/1020/2184 716/1019/2185 705/1063/2186
f 718/1042/2187 704/1060/2188 709/1059/2189
f 718/1042/2190 709/1059/2191 715/1056/2192
f 718/1042/2193 714/1055/2194 704/1060/2195
f 718/1042/2196 715/1056/2197 714/1054/2198
f 703/1053/2199 719/1037/2200 704/1036/2201
f 693/1022/2202 719/1037/2203 703/1034/2204
f 701/1021/2205 719/1037/2206 693/1022/2207
f 705/1039/2208 720/1040/2209 695/1029/2210
f 720/1040/2211 709/1038/2212 710/1051/2213
f 695/1029/2214 720/1040/2215 710/1030/2216
f 692/1011/2217 721/1015/2218 698/1045/2219
f 692/1011/2220 713/1049/2221 721/1015/2222
f 714/1016/2223 721/1015/2224 713/1010/2225
f 694/1018/2226 722/1032/2227 716/1064/2228
f 708/1046/2229 715/1033/2230 722/1032/2231
f 716/1064/2232 722/1032/2233 715/1033/2234
g default
v 0.000000 37.680741 0.000014
v 400.000000 37.680741 0.000014
v 0.000000 37.680741 -399.999986
v 400.000000 37.680741 -399.999986
vt 0.472811 0.215719
vt 0.472818 0.144661
vt 0.543876 0.144668
vt 0.543869 0.215726
vn 0.000000 1.000000 0.000000
vn 0.000000 1.000000 0.000000
vn 0.000000 1.000000 0.000000
vn 0.000000 1.000000 0.000000
s off
g River
usemtl initialShadingGroup
f 723/1066/2235 724/1067/2236 726/1068/2237 725/1069/2238
g default
v 0.000000 0.000000 0.000000
v 200.000000 0.000000 0.000000
v 0.000000 400.000000 0.000000
v 100.000000 400.000000 0.000000
v 0.000000 400.000000 -400.000000
v 100.000000 400.000000 -400.000000
v 200.000000 0.000000 -400.000000
v 0.000000 300.000000 0.000000
v 0.000000 300.000000 -400.000000
v 200.000000 300.000000 -400.000000
v 200.000000 300.000000 0.000000
v 0.000000 373.788269 -400.000000
v 0.000000 373.788269 0.000000
v 178.088409 373.788269 0.000000
v 178.088409 373.788269 -400.000000
v 0.000000 100.000000 0.000000
v 0.000000 100.000000 -400.000000
v 200.000000 100.000000 -400.000000
v 200.000000 100.000000 0.000000
v 0.000000 400.000000 -9.313477
v 200.000000 0.000000 -9.313477
v 200.000000 100.000000 -9.313477
v 200.000000 300.000000 -9.313477
v 178.088409 373.788269 -9.313477
v 100.000000 400.000000 -9.313477
v 0.000000 400.000000 -390.686523
v 100.000000 400.000000 -390.686523
v 178.088409 373.788269 -390.686523
v 200.000000 300.000000 -390.686523
v 200.000000 100.000000 -390.686523
v 200.000000 0.000000 -390.686523
v 0.000000 407.674683 0.000000
v 102.558228 407.674683 0.000000
v 102.558228 407.674683 -9.313477
v 0.000000 407.674683 -9.313477
v 208.079468 0.000000 -9.313477
v 208.079468 0.000000 0.000000
v 208.079468 102.558228 -9.313477
v 208.079468 102.558228 0.000000
v 182.644318 380.792358 0.000000
v 182.644318 380.792358 -9.313477
v 208.079468 305.116455 -9.313477
v 208.079468 305.116455 0.000000
v 208.079468 102.558228 -390.686523
v 208.079468 0.000000 -390.686523
v 208.079468 0.000000 -400.000000
v 208.079468 102.558228 -400.000000
v 208.079468 305.116455 -390.686523
v 208.079468 305.116455 -400.000000
v 182.644318 380.792358 -390.686523
v 182.644318 380.792358 -400.000000
v 102.558228 407.674683 -390.686523
v 102.558228 407.674683 -400.000000
v 0.000000 407.674683 -390.686523
v 0.000000 407.674683 -400.000000
v 0.000000 400.000000 -161.862671
v 200.000000 0.000000 -161.862671
v 200.000000 100.000000 -161.862671
v 200.000000 300.000000 -161.862671
v 178.088409 373.788269 -161.862671
v 100.000000 400.000000 -161.862671
v 0.000000 400.000000 -238.137329
v 100.000000 400.000000 -238.137329
v 178.088409 373.788269 -238.137329
v 200.000000 300.000000 -238.137329
v 200.000000 100.000000 -238.137329
v 200.000000 0.000000 -238.137329
v 200.000000 373.788269 -161.862671
v 200.000000 373.788269 -238.137329
v 200.000000 305.306519 -167.348022
v 201.379303 305.306519 -167.348022
v 200.000000 368.481750 -167.348022
v 201.379303 368.481750 -167.348022
v 200.000000 368.481750 -232.652039
v 201.379303 368.481750 -232.652039
v 200.000000 305.306519 -232.652039
v 201.379303 305.306519 -232.652039
v 200.000000 305.306519 -203.265198
v 200.000000 368.481750 -203.265198
v 201.379303 368.481750 -203.265198
v 201.379303 305.306519 -203.265198
v 200.000000 368.481750 -196.734802
v 200.000000 305.306519 -196.734802
v 201.379303 305.306519 -196.734802
v 201.379303 368.481750 -196.734802
v 208.079468 234.979980 -118.239868
v 209.458771 234.979980 -118.239868
v 208.079468 281.160034 -118.239868
v 209.458771 281.160034 -118.239868
v 208.079468 281.160034 -151.503052
v 209.458771 281.160034 -151.503052
v 208.079468 234.979980 -151.503052
v 209.458771 234.979980 -151.503052
v 208.079468 234.979980 -336.212769
v 209.458771 234.979980 -336.212769
v 208.079468 281.160034 -336.212769
v 209.458771 281.160034 -336.212769
v 208.079468 281.160034 -369.475952
v 209.458771 281.160034 -369.475952
v 208.079468 234.979980 -369.475952
v 209.458771 234.979980 -369.475952
v 200.000000 0.000000 -187.776306
v 202.424744 0.000000 -187.776306
v 200.000000 94.749023 -187.776306
v 202.424744 94.749023 -187.776306
v 200.000000 94.749023 -230.317322
v 202.424744 94.749023 -230.317322
v 200.000000 0.000000 -230.317322
v 202.424744 0.000000 -230.317322
v 208.079468 44.953796 -118.239868
v 209.458771 44.953796 -118.239868
v 208.079468 91.133850 -118.239868
v 209.458771 91.133850 -118.239868
v 208.079468 91.133850 -151.503052
v 209.458771 91.133850 -151.503052
v 208.079468 44.953796 -151.503052
v 209.458771 44.953796 -151.503052
v 208.079468 138.880646 -263.014526
v 209.458771 138.880646 -263.014526
v 208.079468 185.060699 -263.014526
v 209.458771 185.060699 -263.014526
v 208.079468 185.060699 -296.277710
v 209.458771 185.060699 -296.277710
v 208.079468 138.880646 -296.277710
v 209.458771 138.880646 -296.277710
v 208.079468 234.979980 -263.014526
v 209.458771 234.979980 -263.014526
v 208.079468 281.160034 -263.014526
v 209.458771 281.160034 -263.014526
v 208.079468 281.160034 -296.277710
v 209.458771 281.160034 -296.277710
v 208.079468 234.979980 -296.277710
v 209.458771 234.979980 -296.277710
v 208.079468 138.880646 -336.212769
v 209.458771 138.880646 -336.212769
v 208.079468 185.060699 -336.212769
v 209.458771 185.060699 -336.212769
v 208.079468 185.060699 -369.475952
v 209.458771 185.060699 -369.475952
v 208.079468 138.880646 -369.475952
v 209.458771 138.880646 -369.475952
v 208.079468 138.880646 -45.041595
v 209.458771 138.880646 -45.041595
v 208.079468 185.060699 -45.041595
v 209.458771 185.060699 -45.041595
v 208.079468 185.060699 -78.304779
v 209.458771 185.060699 -78.304779
v 208.079468 138.880646 -78.304779
v 209.458771 138.880646 -78.304779
v 208.079468 44.953796 -263.014526
v 209.458771 44.953796 -263.014526
v 208.079468 91.133850 -263.014526
v 209.458771 91.133850 -263.014526
v 208.079468 91.133850 -296.277710
v 209.458771 91.133850 -296.277710
v 208.079468 44.953796 -296.277710
v 209.458771 44.953796 -296.277710
v 208.079468 44.953796 -45.041595
v 209.458771 44.953796 -45.041595
v 208.079468 91.133850 -45.041595
v 209.458771 91.133850 -45.041595
v 208.079468 91.133850 -78.304779
v 209.458771 91.133850 -78.304779
v 208.079468 44.953796 -78.304779
v 209.458771 44.953796 -78.304779
v 208.079468 44.953796 -336.212769
v 209.458771 44.953796 -336.212769
v 208.079468 91.133850 -336.212769
v 209.458771 91.133850 -336.212769
v 208.079468 91.133850 -369.475952
v 209.458771 91.133850 -369.475952
v 208.079468 44.953796 -369.475952
v 209.458771 44.953796 -369.475952
v 208.079468 138.880646 -118.239868
v 209.458771 138.880646 -118.239868
v 208.079468 185.060699 -118.239868
v 209.458771 185.060699 -118.239868
v 208.079468 185.060699 -151.503052
v 209.458771 185.060699 -151.503052
v 208.079468 138.880646 -151.503052
v 209.458771 138.880646 -151.503052
v 208.079468 234.979980 -45.041595
v 209.458771 234.979980 -45.041595
v 208.079468 281.160034 -45.041595
v 209.458771 281.160034 -45.041595
v 208.079468 281.160034 -78.304779
v 209.458771 281.160034 -78.304779
v 208.079468 234.979980 -78.304779
v 209.458771 234.979980 -78.304779
v 0.000000 0.000000 -400.000000
vt 0.256656 0.332730
vt 0.319156 0.332724
vt 0.319159 0.363974
vt 0.256659 0.363980
vt 0.256668 0.460128
vt 0.288717 0.460126
vt 0.289644 0.462885
vt 0.256668 0.463039
vt 0.321681 0.332724
vt 0.324592 0.332724
vt 0.324595 0.364773
vt 0.321684 0.364774
vt 0.072723 0.467256
vt 0.041473 0.467259
vt 0.017069 0.459070
vt 0.072722 0.459065
vt 0.313743 0.451723
vt 0.316502 0.452649
vt 0.256667 0.449539
vt 0.312319 0.449534
vt 0.287918 0.457727
vt 0.256668 0.457730
vt 0.256665 0.426480
vt 0.319165 0.426474
vt 0.321690 0.428073
vt 0.324600 0.428073
vt 0.010220 0.436011
vt 0.072720 0.436006
vt 0.010214 0.373511
vt 0.072714 0.373506
vt 0.004779 0.374311
vt 0.004776 0.342262
vt 0.007686 0.342262
vt 0.007689 0.374311
vt 0.004936 0.438538
vt 0.007695 0.437610
vt 0.014720 0.464018
vt 0.015646 0.461258
vt 0.040674 0.472567
vt 0.040673 0.469657
vt 0.072723 0.472565
vt 0.072723 0.469654
vt 0.219406 0.341162
vt 0.327117 0.332723
vt 0.250658 0.388833
vt 0.219408 0.388834
vt 0.156906 0.341165
vt 0.077597 0.462131
vt 0.070750 0.485190
vt 0.314855 0.457086
vt 0.107113 0.388839
vt 0.287918 0.465434
vt 0.075863 0.388840
vt 0.075861 0.341168
vt 0.002254 0.373512
vt 0.250661 0.460340
vt 0.010211 0.342261
vt 0.002260 0.436012
vt 0.132857 0.460345
vt 0.107116 0.460346
vt 0.072723 0.474963
vt 0.219409 0.412670
vt 0.250659 0.412669
vt 0.101433 0.462131
vt 0.101433 0.492037
vt 0.107114 0.412674
vt 0.075864 0.412676
vt 0.077597 0.485190
vt 0.101433 0.485190
vt 0.495558 0.088675
vt 0.496421 0.088675
vt 0.496414 0.128158
vt 0.496414 0.129020
vt 0.514780 0.128160
vt 0.515642 0.128161
vt 0.515647 0.128159
vt 0.514785 0.128159
vt 0.514782 0.088675
vt 0.514782 0.087813
vt 0.514786 0.087816
vt 0.514786 0.088678
vt 0.496415 0.088677
vt 0.495554 0.088677
vt 0.496419 0.128160
vt 0.496419 0.129022
vt 0.494344 0.093986
vt 0.495206 0.093986
vt 0.495205 0.122849
vt 0.495205 0.123711
vt 0.515995 0.122850
vt 0.516857 0.122850
vt 0.515996 0.093987
vt 0.515996 0.093124
vt 0.494343 0.093987
vt 0.495205 0.093987
vt 0.495207 0.122850
vt 0.495207 0.123712
vt 0.515996 0.122848
vt 0.516858 0.122848
vt 0.515994 0.093986
vt 0.515994 0.093124
vt 0.459026 0.078810
vt 0.460541 0.078810
vt 0.460545 0.138027
vt 0.460545 0.139543
vt 0.487132 0.138026
vt 0.488648 0.138026
vt 0.487129 0.078808
vt 0.494345 0.093984
vt 0.495207 0.093984
vt 0.495203 0.122848
vt 0.495203 0.123710
vt 0.515994 0.122851
vt 0.516855 0.122852
vt 0.515998 0.093987
vt 0.515998 0.093125
vt 0.494344 0.093986
vt 0.495206 0.093986
vt 0.495205 0.122849
vt 0.495205 0.123711
vt 0.515995 0.122849
vt 0.516857 0.122849
vt 0.515996 0.093987
vt 0.515996 0.093125
vt 0.494346 0.093985
vt 0.495209 0.093985
vt 0.495203 0.122847
vt 0.495203 0.123709
vt 0.515992 0.122850
vt 0.516854 0.122850
vt 0.515997 0.093989
vt 0.515997 0.093127
vt 0.494322 0.094003
vt 0.495184 0.094002
vt 0.495227 0.122865
vt 0.495228 0.123727
vt 0.516016 0.122834
vt 0.516879 0.122832
vt 0.515973 0.093971
vt 0.515972 0.093109
vt 0.494343 0.093988
vt 0.495205 0.093988
vt 0.495207 0.122849
vt 0.495207 0.123711
vt 0.515996 0.122848
vt 0.516858 0.122848
vt 0.515993 0.093986
vt 0.515994 0.093124
vt 0.494345 0.093986
vt 0.495207 0.093986
vt 0.495205 0.122848
vt 0.495205 0.123710
vt 0.515994 0.122849
vt 0.516856 0.122850
vt 0.515996 0.093988
vt 0.515996 0.093125
vt 0.494344 0.093987
vt 0.495206 0.093987
vt 0.495206 0.122849
vt 0.495206 0.123711
vt 0.515995 0.122849
vt 0.516857 0.122849
vt 0.515995 0.093987
vt 0.515995 0.093125
vt 0.494345 0.093985
vt 0.495207 0.093985
vt 0.495203 0.122848
vt 0.495203 0.123710
vt 0.515993 0.122851
vt 0.516855 0.122851
vt 0.515997 0.093988
vt 0.515998 0.093126
vt 0.494344 0.093986
vt 0.495206 0.093986
vt 0.495205 0.122849
vt 0.495205 0.123711
vt 0.515995 0.122850
vt 0.516857 0.122850
vt 0.515996 0.093986
vt 0.515996 0.093124
vt 0.494343 0.093987
vt 0.495205 0.093987
vt 0.495206 0.122849
vt 0.495206 0.123711
vt 0.515996 0.122849
vt 0.516858 0.122849
vt 0.515995 0.093986
vt 0.515995 0.093125
vt 0.516857 0.093987
vt 0.495205 0.093125
vt 0.515996 0.123711
vt 0.494344 0.122849
vt 0.516858 0.093986
vt 0.495206 0.093124
vt 0.515995 0.123712
vt 0.494343 0.122849
vt 0.516860 0.093988
vt 0.495208 0.093123
vt 0.515993 0.123713
vt 0.494341 0.122848
vt 0.516857 0.093987
vt 0.495206 0.093125
vt 0.515995 0.123711
vt 0.494344 0.122849
vt 0.516858 0.093987
vt 0.495207 0.093124
vt 0.515994 0.123712
vt 0.494343 0.122848
vt 0.516856 0.093986
vt 0.495205 0.093126
vt 0.515996 0.123710
vt 0.494345 0.122850
vt 0.516835 0.093970
vt 0.495182 0.093140
vt 0.516018 0.123696
vt 0.494364 0.122866
vt 0.516860 0.093989
vt 0.495209 0.093123
vt 0.515992 0.123712
vt 0.494341 0.122847
vt 0.516858 0.093987
vt 0.495206 0.093124
vt 0.515995 0.123712
vt 0.494343 0.122849
vt 0.516860 0.093988
vt 0.495208 0.093122
vt 0.515993 0.123713
vt 0.494341 0.122848
vt 0.488644 0.078808
vt 0.487132 0.139541
vt 0.459029 0.138027
vt 0.515996 0.123711
vt 0.516856 0.093986
vt 0.494344 0.122850
vt 0.495205 0.093125
vt 0.516858 0.093987
vt 0.495206 0.093124
vt 0.515995 0.123712
vt 0.494343 0.122849
vt 0.514780 0.129023
vt 0.515648 0.088678
vt 0.496415 0.087815
vt 0.495557 0.128160
vt 0.514785 0.129020
vt 0.515644 0.088675
vt 0.495552 0.128158
vt 0.496421 0.087813
vt 0.132855 0.412673
vt 0.108281 0.485190
vt 0.132854 0.388837
vt 0.077597 0.492037
vt 0.156909 0.412673
vt 0.156908 0.388837
vt 0.039747 0.472416
vt 0.041473 0.474966
vt 0.038938 0.474811
vt 0.012887 0.462186
vt 0.014535 0.466622
vt 0.010430 0.461302
vt 0.004785 0.437611
vt 0.156911 0.460344
vt 0.001958 0.438789
vt 0.324449 0.429000
vt 0.327125 0.426474
vt 0.327427 0.429250
vt 0.314670 0.454482
vt 0.132852 0.341166
vt 0.318959 0.451765
vt 0.288717 0.463036
vt 0.107111 0.341167
vt 0.290453 0.465279
vt 0.219411 0.460342
vt 0.002251 0.342262
vt 0.075866 0.460347
vt 0.256668 0.465437
vt 0.327119 0.363973
vt 0.250656 0.341161
vt 0.072711 0.342256
vn 0.000000 0.000000 1.000000
vn 0.000000 0.000000 1.000000
vn 0.000000 0.000000 1.000000
vn 0.000000 0.000000 1.000000
vn 0.000000 1.000000 0.000000
vn 0.000000 1.000000 0.000000
vn 0.000000 1.000000 0.000000
vn 0.000000 1.000000 0.000000
vn 1.000000 0.000000 0.000000
vn 1.000000 0.000000 0.000000
vn 1.000000 0.000000 0.000000
vn 1.000000 0.000000 0.000000
vn 0.000000 0.000000 -1.000000
vn 0.000000 0.000000 -1.000000
vn 0.000000 0.000000 -1.000000
vn 0.000000 0.000000 -1.000000
vn 0.318219 0.948017 0.000000
vn 0.318219 0.948017 0.000000
vn 0.318219 0.948017 0.000000
vn 0.318219 0.948017 0.000000
vn 0.000000 0.000000 1.000000
vn 0.000000 0.000000 1.000000
vn 0.000000 0.000000 1.000000
vn 0.000000 0.000000 1.000000
vn 0.000000 0.000000 1.000000
vn 0.000000 0.000000 1.000000
vn 0.000000 0.000000 1.000000
vn 0.000000 0.000000 1.000000
vn 0.947892 0.318592 0.000000
vn 0.947892 0.318592 0.000000
vn 0.947892 0.318592 0.000000
vn 0.947892 0.318592 0.000000
vn 0.000000 0.000000 -1.000000
vn 0.000000 0.000000 -1.000000
vn 0.000000 0.000000 -1.000000
vn 0.000000 0.000000 -1.000000
vn 0.000000 0.000000 -1.000000
vn 0.000000 0.000000 -1.000000
vn 0.000000 0.000000 -1.000000
vn 0.000000 0.000000 -1.000000
vn 1.000000 0.000000 0.000000
vn 1.000000 0.000000 0.000000
vn 1.000000 0.000000 0.000000
vn 1.000000 0.000000 0.000000
vn 0.000000 0.000000 1.000000
vn 0.000000 0.000000 1.000000
vn 0.000000 0.000000 1.000000
vn 0.000000 0.000000 1.000000
vn 1.000000 0.000000 0.000000
vn 1.000000 0.000000 0.000000
vn 1.000000 0.000000 0.000000
vn 1.000000 0.000000 0.000000
vn 1.000000 0.000000 0.000000
vn 1.000000 0.000000 0.000000
vn 1.000000 0.000000 0.000000
vn 1.000000 0.000000 0.000000
vn 0.947892 0.318593 0.000000
vn 0.947892 0.318593 0.000000
vn 0.947892 0.318593 0.000000
vn 0.947892 0.318593 0.000000
vn 0.318218 0.948018 0.000000
vn 0.318218 0.948018 0.000000
vn 0.318218 0.948018 0.000000
vn 0.318218 0.948018 0.000000
vn 0.000000 1.000000 0.000000
vn 0.000000 1.000000 0.000000
vn 0.000000 1.000000 0.000000
vn 0.000000 1.000000 0.000000
vn 1.000000 0.000000 0.000000
vn 1.000000 0.000000 0.000000
vn 1.000000 0.000000 0.000000
vn 1.000000 0.000000 0.000000
vn 1.000000 0.000000 0.000000
vn 1.000000 0.000000 0.000000
vn 1.000000 0.000000 0.000000
vn 1.000000 0.000000 0.000000
vn 0.958627 0.284666 0.000000
vn 0.958627 0.284666 0.000000
vn 0.958627 0.284666 0.000000
vn 0.958627 0.284666 0.000000
vn 0.318219 0.948017 0.000000
vn 0.318219 0.948017 0.000000
vn 0.318219 0.948017 0.000000
vn 0.318219 0.948017 0.000000
vn 0.000000 1.000000 0.000000
vn 0.000000 1.000000 0.000000
vn 0.000000 1.000000 0.000000
vn 0.000000 1.000000 0.000000
vn 0.000000 0.000000 1.000000
vn 0.000000 0.000000 1.000000
vn 0.000000 0.000000 1.000000
vn 0.000000 0.000000 1.000000
vn 0.000000 0.000000 -1.000000
vn 0.000000 0.000000 -1.000000
vn 0.000000 0.000000 -1.000000
vn 0.000000 0.000000 -1.000000
vn 0.000000 0.000000 -1.000000
vn 0.000000 0.000000 -1.000000
vn 0.000000 0.000000 -1.000000
vn 0.000000 0.000000 -1.000000
vn -0.000002 0.000000 1.000000
vn -0.000002 0.000000 1.000000
vn -0.000002 0.000000 1.000000
vn -0.000002 0.000000 1.000000
vn 0.000000 0.000000 -1.000000
vn 0.000000 0.000000 -1.000000
vn 0.000000 0.000000 -1.000000
vn 0.000000 0.000000 -1.000000
vn 0.000000 0.000000 1.000000
vn 0.000000 0.000000 1.000000
vn 0.000000 0.000000 1.000000
vn 0.000000 0.000000 1.000000
vn 0.000000 0.000000 -1.000000
vn 0.000000 0.000000 -1.000000
vn 0.000000 0.000000 -1.000000
vn 0.000000 0.000000 -1.000000
vn -0.000002 0.000000 1.000000
vn -0.000002 0.000000 1.000000
vn -0.000002 0.000000 1.000000
vn -0.000002 0.000000 1.000000
vn 0.000000 0.000000 -1.000000
vn 0.000000 0.000000 -1.000000
vn 0.000000 0.000000 -1.000000
vn 0.000000 0.000000 -1.000000
vn -0.000002 0.000000 1.000000
vn -0.000002 0.000000 1.000000
vn -0.000002 0.000000 1.000000
vn -0.000002 0.000000 1.000000
vn -0.000007 0.000000 1.000000
vn -0.000007 0.000000 1.000000
vn -0.000007 0.000000 1.000000
vn -0.000007 0.000000 1.000000
vn 0.000000 0.000000 -1.000000
vn 0.000000 0.000000 -1.000000
vn 0.000000 0.000000 -1.000000
vn 0.000000 0.000000 -1.000000
vn -0.000007 0.000000 1.000000
vn -0.000007 0.000000 1.000000
vn -0.000007 0.000000 1.000000
vn -0.000007 0.000000 1.000000
vn -0.000002 0.000000 -1.000000
vn -0.000002 0.000000 -1.000000
vn -0.000002 0.000000 -1.000000
vn -0.000002 0.000000 -1.000000
vn 0.000000 0.000000 1.000000
vn 0.000000 0.000000 1.000000
vn 0.000000 0.000000 1.000000
vn 0.000000 0.000000 1.000000
vn 0.000006 0.000000 -1.000000
vn 0.000006 0.000000 -1.000000
vn 0.000006 0.000000 -1.000000
vn 0.000006 0.000000 -1.000000
vn 0.000002 0.000000 1.000000
vn 0.000002 0.000000 1.000000
vn 0.000002 0.000000 1.000000
vn 0.000002 0.000000 1.000000
vn 0.000000 0.000000 -1.000000
vn 0.000000 0.000000 -1.000000
vn 0.000000 0.000000 -1.000000
vn 0.000000 0.000000 -1.000000
vn 0.000000 0.000000 1.000000
vn 0.000000 0.000000 1.000000
vn 0.000000 0.000000 1.000000
vn 0.000000 0.000000 1.000000
vn 0.000000 0.000000 -1.000000
vn 0.000000 0.000000 -1.000000
vn 0.000000 0.000000 -1.000000
vn 0.000000 0.000000 -1.000000
vn 1.000000 0.000000 0.000000
vn 1.000000 0.000000 0.000000
vn 1.000000 0.000000 0.000000
vn 1.000000 0.000000 0.000000
vn 1.000000 0.000000 0.000000
vn 1.000000 0.000000 0.000000
vn 1.000000 0.000000 0.000000
vn 1.000000 0.000000 0.000000
vn 0.958627 0.284666 0.000000
vn 0.958627 0.284666 0.000000
vn 0.958627 0.284666 0.000000
vn 0.958627 0.284666 0.000000
vn 0.318218 0.948017 0.000000
vn 0.318218 0.948017 0.000000
vn 0.318218 0.948017 0.000000
vn 0.318218 0.948017 0.000000
vn 0.000000 1.000000 0.000000
vn 0.000000 1.000000 0.000000
vn 0.000000 1.000000 0.000000
vn 0.000000 1.000000 0.000000
vn 1.000000 0.000000 0.000000
vn 1.000000 0.000000 0.000000
vn 1.000000 0.000000 0.000000
vn 1.000000 0.000000 0.000000
vn 1.000000 0.000000 0.000000
vn 1.000000 0.000000 0.000000
vn 1.000000 0.000000 0.000000
vn 1.000000 0.000000 0.000000
vn 1.000000 0.000000 0.000000
vn 1.000000 0.000000 0.000000
vn 1.000000 0.000000 0.000000
vn 1.000000 0.000000 0.000000
vn 0.318218 0.948017 0.000000
vn 0.318218 0.948017 0.000000
vn 0.318218 0.948017 0.000000
vn 0.318218 0.948017 0.000000
vn 0.000000 1.000000 0.000000
vn 0.000000 1.000000 0.000000
vn 0.000000 1.000000 0.000000
vn 0.000000 1.000000 0.000000
vn 0.000000 0.000000 1.000000
vn 0.000000 0.000000 1.000000
vn 0.000000 0.000000 1.000000
vn 0.000000 0.000000 -1.000000
vn 0.000000 0.000000 -1.000000
vn 0.000000 0.000000 -1.000000
vn 0.000000 1.000000 0.000000
vn 0.000000 1.000000 0.000000
vn 0.000000 1.000000 0.000000
vn 0.000000 1.000000 0.000000
vn 0.000000 0.000000 1.000000
vn 0.000000 0.000000 1.000000
vn 0.000000 0.000000 1.000000
vn 0.000000 0.000000 1.000000
vn 0.000000 1.000000 0.000000
vn 0.000000 1.000000 0.000000
vn 0.000000 1.000000 0.000000
vn 0.000000 1.000000 0.000000
vn 0.000000 0.000000 -1.000000
vn 0.000000 0.000000 -1.000000
vn 0.000000 0.000000 -1.000000
vn 0.000000 0.000000 -1.000000
vn 0.000000 -1.000000 0.000000
vn 0.000000 -1.000000 0.000000
vn 0.000000 -1.000000 0.000000
vn 0.000000 -1.000000 0.000000
vn 1.000000 0.000000 0.000000
vn 1.000000 0.000000 0.000000
vn 1.000000 0.000000 0.000000
vn 1.000000 0.000000 0.000000
vn 0.000000 -1.000000 0.000000
vn 0.000000 -1.000000 0.000000
vn 0.000000 -1.000000 0.000000
vn 0.000000 -1.000000 0.000000
vn 1.000000 0.000000 0.000000
vn 1.000000 0.000000 0.000000
vn 1.000000 0.000000 0.000000
vn 1.000000 0.000000 0.000000
vn 0.000000 1.000000 0.000000
vn 0.000000 1.000000 0.000000
vn 0.000000 1.000000 0.000000
vn 0.000000 1.000000 0.000000
vn 0.000000 0.000000 1.000000
vn 0.000000 0.000000 1.000000
vn 0.000000 0.000000 1.000000
vn 0.000000 0.000000 1.000000
vn 0.000000 0.000000 -1.000000
vn 0.000000 0.000000 -1.000000
vn 0.000000 0.000000 -1.000000
vn 0.000000 0.000000 -1.000000
vn 0.000000 0.000000 1.000000
vn 0.000000 0.000000 1.000000
vn 0.000000 0.000000 1.000000
vn 0.000000 0.000000 1.000000
vn 0.000000 1.000000 0.000000
vn 0.000000 1.000000 0.000000
vn 0.000000 1.000000 0.000000
vn 0.000000 1.000000 0.000000
vn 0.000000 0.000000 -1.000000
vn 0.000000 0.000000 -1.000000
vn 0.000000 0.000000 -1.000000
vn 0.000000 0.000000 -1.000000
vn 0.000000 -1.000000 0.000000
vn 0.000000 -1.000000 0.000000
vn 0.000000 -1.000000 0.000000
vn 0.000000 -1.000000 0.000000
vn 1.000000 0.000000 0.000000
vn 1.000000 0.000000 0.000000
vn 1.000000 0.000000 0.000000
vn 1.000000 0.000000 0.000000
vn 0.000000 0.000000 1.000000
vn 0.000000 0.000000 1.000000
vn 0.000000 0.000000 1.000000
vn 0.000000 0.000000 1.000000
vn 0.000000 1.000000 0.000000
vn 0.000000 1.000000 0.000000
vn 0.000000 1.000000 0.000000
vn 0.000000 1.000000 0.000000
vn 0.000000 0.000000 -1.000000
vn 0.000000 0.000000 -1.000000
vn 0.000000 0.000000 -1.000000
vn 0.000000 0.000000 -1.000000
vn 0.000000 -1.000000 0.000000
vn 0.000000 -1.000000 0.000000
vn 0.000000 -1.000000 0.000000
vn 0.000000 -1.000000 0.000000
vn 1.000000 0.000000 0.000000
vn 1.000000 0.000000 0.000000
vn 1.000000 0.000000 0.000000
vn 1.000000 0.000000 0.000000
vn 0.000000 0.000000 1.000000
vn 0.000000 0.000000 1.000000
vn 0.000000 0.000000 1.000000
vn 0.000000 0.000000 1.000000
vn 0.000000 1.000000 0.000000
vn 0.000000 1.000000 0.000000
vn 0.000000 1.000000 0.000000
vn 0.000000 1.000000 0.000000
vn 0.000000 0.000000 -1.000000
vn 0.000000 0.000000 -1.000000
vn 0.000000 0.000000 -1.000000
vn 0.000000 0.000000 -1.000000
vn 1.000000 0.000000 0.000000
vn 1.000000 0.000000 0.000000
vn 1.000000 0.000000 0.000000
vn 1.000000 0.000000 0.000000
vn 0.000000 0.000000 1.000000
vn 0.000000 0.000000 1.000000
vn 0.000000 0.000000 1.000000
vn 0.000000 0.000000 1.000000
vn 0.000000 1.000000 0.000000
vn 0.000000 1.000000 0.000000
vn 0.000000 1.000000 0.000000
vn 0.000000 1.000000 0.000000
vn 0.000000 0.000000 -1.000000
vn 0.000000 0.000000 -1.000000
vn 0.000000 0.000000 -1.000000
vn 0.000000 0.000000 -1.000000
vn 0.000000 -1.000000 0.000000
vn 0.000000 -1.000000 0.000000
vn 0.000000 -1.000000 0.000000
vn 0.000000 -1.000000 0.000000
vn 1.000000 0.000000 0.000000
vn 1.000000 0.000000 0.000000
vn 1.000000 0.000000 0.000000
vn 1.000000 0.000000 0.000000
vn 0.000000 0.000000 1.000000
vn 0.000000 0.000000 1.000000
vn 0.000000 0.000000 1.000000
vn 0.000000 0.000000 1.000000
vn 0.000000 1.000000 0.000000
vn 0.000000 1.000000 0.000000
vn 0.000000 1.000000 0.000000
vn 0.000000 1.000000 0.000000
vn 0.000000 0.000000 -1.000000
vn 0.000000 0.000000 -1.000000
vn 0.000000 0.000000 -1.000000
vn 0.000000 0.000000 -1.000000
vn 0.000000 -1.000000 0.000000
vn 0.000000 -1.000000 0.000000
vn 0.000000 -1.000000 0.000000
vn 0.000000 -1.000000 0.000000
vn 1.000000 0.000000 0.000000
vn 1.000000 0.000000 0.000000
vn 1.000000 0.000000 0.000000
vn 1.000000 0.000000 0.000000
vn 0.000000 0.000000 1.000000
vn 0.000000 0.000000 1.000000
vn 0.000000 0.000000 1.000000
vn 0.000000 0.000000 1.000000
vn 0.000000 1.000000 0.000000
vn 0.000000 1.000000 0.000000
vn 0.000000 1.000000 0.000000
vn 0.000000 1.000000 0.000000
vn 0.000000 0.000000 -1.000000
vn 0.000000 0.000000 -1.000000
vn 0.000000 0.000000 -1.000000
vn 0.000000 0.000000 -1.000000
vn 0.000000 -1.000000 0.000000
vn 0.000000 -1.000000 0.000000
vn 0.000000 -1.000000 0.000000
vn 0.000000 -1.000000 0.000000
vn 1.000000 0.000000 0.000000
vn 1.000000 0.000000 0.000000
vn 1.000000 0.000000 0.000000
vn 1.000000 0.000000 0.000000
vn 0.000000 0.000000 1.000000
vn 0.000000 0.000000 1.000000
vn 0.000000 0.000000 1.000000
vn 0.000000 0.000000 1.000000
vn 0.000000 1.000000 0.000000
vn 0.000000 1.000000 0.000000
vn 0.000000 1.000000 0.000000
vn 0.000000 1.000000 0.000000
vn 0.000000 0.000000 -1.000000
vn 0.000000 0.000000 -1.000000
vn 0.000000 0.000000 -1.000000
vn 0.000000 0.000000 -1.000000
vn 0.000000 -1.000000 0.000000
vn 0.000000 -1.000000 0.000000
vn 0.000000 -1.000000 0.000000
vn 0.000000 -1.000000 0.000000
vn 1.000000 0.000000 0.000000
vn 1.000000 0.000000 0.000000
vn 1.000000 0.000000 0.000000
vn 1.000000 0.000000 0.000000
vn 0.000000 0.000000 1.000000
vn 0.000000 0.000000 1.000000
vn 0.000000 0.000000 1.000000
vn 0.000000 0.000000 1.000000
vn 0.000000 1.000000 0.000000
vn 0.000000 1.000000 0.000000
vn 0.000000 1.000000 0.000000
vn 0.000000 1.000000 0.000000
vn 0.000000 0.000000 -1.000000
vn 0.000000 0.000000 -1.000000
vn 0.000000 0.000000 -1.000000
vn 0.000000 0.000000 -1.000000
vn 0.000000 -1.000000 0.000000
vn 0.000000 -1.000000 0.000000
vn 0.000000 -1.000000 0.000000
vn 0.000000 -1.000000 0.000000
vn 1.000000 0.000000 0.000000
vn 1.000000 0.000000 0.000000
vn 1.000000 0.000000 0.000000
vn 1.000000 0.000000 0.000000
vn 0.000000 0.000000 1.000000
vn 0.000000 0.000000 1.000000
vn 0.000000 0.000000 1.000000
vn 0.000000 0.000000 1.000000
vn 0.000000 1.000000 0.000000
vn 0.000000 1.000000 0.000000
vn 0.000000 1.000000 0.000000
vn 0.000000 1.000000 0.000000
vn 0.000000 0.000000 -1.000000
vn 0.000000 0.000000 -1.000000
vn 0.000000 0.000000 -1.000000
vn 0.000000 0.000000 -1.000000
vn 0.000000 -1.000000 0.000000
vn 0.000000 -1.000000 0.000000
vn 0.000000 -1.000000 0.000000
vn 0.000000 -1.000000 0.000000
vn 1.000000 0.000000 0.000000
vn 1.000000 0.000000 0.000000
vn 1.000000 0.000000 0.000000
vn 1.000000 0.000000 0.000000
vn 0.000000 0.000000 1.000000
vn 0.000000 0.000000 1.000000
vn 0.000000 0.000000 1.000000
vn 0.000000 0.000000 1.000000
vn 0.000000 1.000000 0.000000
vn 0.000000 1.000000 0.000000
vn 0.000000 1.000000 0.000000
vn 0.000000 1.000000 0.000000
vn 0.000000 0.000000 -1.000000
vn 0.000000 0.000000 -1.000000
vn 0.000000 0.000000 -1.000000
vn 0.000000 0.000000 -1.000000
vn 0.000000 -1.000000 0.000000
vn 0.000000 -1.000000 0.000000
vn 0.000000 -1.000000 0.000000
vn 0.000000 -1.000000 0.000000
vn 1.000000 0.000000 0.000000
vn 1.000000 0.000000 0.000000
vn 1.000000 0.000000 0.000000
vn 1.000000 0.000000 0.000000
vn 0.000000 0.000000 1.000000
vn 0.000000 0.000000 1.000000
vn 0.000000 0.000000 1.000000
vn 0.000000 0.000000 1.000000
vn 0.000000 1.000000 0.000000
vn 0.000000 1.000000 0.000000
vn 0.000000 1.000000 0.000000
vn 0.000000 1.000000 0.000000
vn 0.000000 0.000000 -1.000000
vn 0.000000 0.000000 -1.000000
vn 0.000000 0.000000 -1.000000
vn 0.000000 0.000000 -1.000000
vn 0.000000 -1.000000 0.000000
vn 0.000000 -1.000000 0.000000
vn 0.000000 -1.000000 0.000000
vn 0.000000 -1.000000 0.000000
vn 1.000000 0.000000 0.000000
vn 1.000000 0.000000 0.000000
vn 1.000000 0.000000 0.000000
vn 1.000000 0.000000 0.000000
vn 0.000000 0.000000 1.000000
vn 0.000000 0.000000 1.000000
vn 0.000000 0.000000 1.000000
vn 0.000000 0.000000 1.000000
vn 0.000000 1.000000 0.000000
vn 0.000000 1.000000 0.000000
vn 0.000000 1.000000 0.000000
vn 0.000000 1.000000 0.000000
vn 0.000000 0.000000 -1.000000
vn 0.000000 0.000000 -1.000000
vn 0.000000 0.000000 -1.000000
vn 0.000000 0.000000 -1.000000
vn 0.000000 -1.000000 0.000000
vn 0.000000 -1.000000 0.000000
vn 0.000000 -1.000000 0.000000
vn 0.000000 -1.000000 0.000000
vn 1.000000 0.000000 0.000000
vn 1.000000 0.000000 0.000000
vn 1.000000 0.000000 0.000000
vn 1.000000 0.000000 0.000000
vn 0.000000 0.000000 1.000000
vn 0.000000 0.000000 1.000000
vn 0.000000 0.000000 1.000000
vn 0.000000 0.000000 1.000000
vn 0.000000 1.000000 0.000000
vn 0.000000 1.000000 0.000000
vn 0.000000 1.000000 0.000000
vn 0.000000 1.000000 0.000000
vn 0.000000 0.000000 -1.000000
vn 0.000000 0.000000 -1.000000
vn 0.000000 0.000000 -1.000000
vn 0.000000 0.000000 -1.000000
vn 0.000000 -1.000000 0.000000
vn 0.000000 -1.000000 0.000000
vn 0.000000 -1.000000 0.000000
vn 0.000000 -1.000000 0.000000
vn 1.000000 0.000000 0.000000
vn 1.000000 0.000000 0.000000
vn 1.000000 0.000000 0.000000
vn 1.000000 0.000000 0.000000
vn 0.000000 0.000000 -1.000000
vn 0.000000 0.000000 -1.000000
vn 0.000000 0.000000 -1.000000
vn 0.000000 0.000000 -1.000000
s off
g House_Big
usemtl initialShadingGroup
f 727/1070/2239 728/1071/2240 745/1072/2241 742/1073/2242
f 758/1074/2243 759/1075/2244 760/1338/2245 761/1077/2246
f 763/1078/2247 762/1079/2248 764/1080/2249 765/1081/2250
f 731/1082/2251 732/1083/2252 741/1084/2253 738/1085/2254
f 766/1086/2255 767/1335/2256 760/1076/2257 759/1075/2258
f 739/1088/2259 740/1089/2260 730/1090/2261 729/1091/2262
f 734/1092/2263 737/1093/2264 740/1089/2265 739/1088/2266
f 769/1094/2267 768/1332/2268 767/1087/2269 766/1086/2270
f 738/1085/2271 741/1084/2272 736/1096/2273 735/1097/2274
f 735/1097/2275 736/1096/2276 744/1098/2277 743/1099/2278
f 765/1081/2279 764/1080/2280 768/1095/2281 769/1094/2282
f 742/1073/2283 745/1072/2284 737/1093/2285 734/1092/2286
f 770/1100/2287 771/1101/2288 772/1102/2289 773/1103/2290
f 774/1329/2291 770/1100/2292 773/1103/2293 775/1105/2294
f 776/1326/2295 774/1104/2296 775/1105/2297 777/1107/2298
f 778/1323/2299 776/1106/2300 777/1107/2301 779/1109/2302
f 780/1110/2303 778/1108/2304 779/1109/2305 781/1111/2306
f 748/1112/2307 747/1346/2308 783/1114/2309 784/1115/2310
f 749/1116/2311 748/1112/2312 784/1115/2313 785/1322/2314
f 785/1322/2315 786/1319/2316 750/1336/2317 749/1116/2318
f 786/1319/2319 787/1120/2320 751/1339/2321 750/1336/2322
f 787/1120/2323 782/1122/2324 746/1123/2325 751/1339/2326
f 729/1091/2327 730/1090/2328 759/1075/2329 758/1074/2330
f 751/1121/2331 746/1344/2332 761/1077/2333 760/1338/2334
f 747/1113/2335 748/1345/2336 764/1080/2337 762/1079/2338
f 745/1072/2339 728/1071/2340 763/1078/2341 765/1081/2342
f 750/1119/2343 751/1340/2344 760/1076/2345 767/1335/2346
f 730/1090/2347 740/1089/2348 766/1086/2349 759/1075/2350
f 749/1334/2351 750/1337/2352 767/1087/2353 768/1332/2354
f 740/1089/2355 737/1093/2356 769/1094/2357 766/1086/2358
f 748/1345/2359 749/1333/2360 768/1095/2361 764/1080/2362
f 737/1093/2363 745/1072/2364 765/1081/2365 769/1094/2366
f 756/1124/2367 757/1342/2368 771/1101/2369 770/1100/2370
f 733/1126/2371 744/1098/2372 773/1103/2373 772/1102/2374
f 755/1127/2375 756/1124/2376 770/1100/2377 774/1329/2378
f 744/1098/2379 736/1096/2380 775/1105/2381 773/1103/2382
f 754/1328/2383 755/1331/2384 774/1104/2385 776/1326/2386
f 736/1096/2387 741/1084/2388 777/1107/2389 775/1105/2390
f 753/1325/2391 754/1327/2392 776/1106/2393 778/1323/2394
f 741/1084/2395 732/1083/2396 779/1109/2397 777/1107/2398
f 752/1130/2399 753/1324/2400 778/1108/2401 780/1110/2402
f 732/1083/2403 731/1082/2404 781/1111/2405 779/1109/2406
f 792/1131/2407 793/1132/2408 757/1125/2409 756/1341/2410
f 791/1321/2411 792/1131/2412 756/1341/2413 755/1330/2414
f 754/1128/2415 790/1317/2416 791/1321/2417 755/1330/2418
f 753/1129/2419 789/1135/2420 790/1317/2421 754/1128/2422
f 752/1343/2423 788/1136/2424 789/1135/2425 753/1129/2426
f 784/1115/2427 783/1114/2428 793/1132/2429 792/1131/2430
f 785/1322/2431 784/1115/2432 792/1131/2433 791/1321/2434
f 794/1137/2435 785/1117/2436 791/1133/2437 795/1138/2438
f 789/1135/2439 787/1120/2440 786/1319/2441 790/1317/2442
f 788/1136/2443 782/1122/2444 787/1120/2445 789/1135/2446
f 786/1118/2447 785/1117/2448 794/1137/2449
f 791/1133/2450 790/1318/2451 795/1138/2452
f 794/1137/2453 795/1138/2454 790/1134/2455 786/1320/2456
f 796/1139/2457 797/1140/2458 799/1141/2459 798/1315/2460
f 798/1142/2461 799/1141/2462 811/1143/2463 808/1309/2464
f 800/1145/2465 801/1146/2466 803/1147/2467 802/1314/2468
f 809/1149/2469 810/1150/2470 797/1140/2471 796/1316/2472
f 797/1140/2473 810/1150/2474 811/1143/2475 799/1141/2476
f 802/1148/2477 803/1147/2478 807/1151/2479 804/1311/2480
f 806/1153/2481 807/1151/2482 803/1147/2483 801/1146/2484
f 805/1154/2485 806/1153/2486 801/1146/2487 800/1313/2488
f 805/1312/2489 804/1152/2490 807/1151/2491 806/1153/2492
f 809/1310/2493 808/1144/2494 811/1143/2495 810/1150/2496
f 812/1155/2497 813/1156/2498 815/1157/2499 814/1308/2500
f 814/1158/2501 815/1157/2502 817/1159/2503 816/1307/2504
f 816/1160/2505 817/1159/2506 819/1161/2507 818/1305/2508
f 818/1162/2509 819/1161/2510 813/1156/2511 812/1306/2512
f 813/1156/2513 819/1161/2514 817/1159/2515 815/1157/2516
f 820/1163/2517 821/1164/2518 823/1165/2519 822/1303/2520
f 822/1166/2521 823/1165/2522 825/1167/2523 824/1301/2524
f 824/1168/2525 825/1167/2526 827/1169/2527 826/1302/2528
f 826/1170/2529 827/1169/2530 821/1164/2531 820/1304/2532
f 821/1164/2533 827/1169/2534 825/1167/2535 823/1165/2536
f 828/1171/2537 829/1172/2538 831/1173/2539 830/1300/2540
f 830/1174/2541 831/1173/2542 833/1175/2543 832/1299/2544
f 832/1176/2545 833/1175/2546 835/1177/2547 834/1298/2548
f 829/1172/2549 835/1177/2550 833/1175/2551 831/1173/2552
f 836/1178/2553 837/1179/2554 839/1180/2555 838/1297/2556
f 838/1181/2557 839/1180/2558 841/1182/2559 840/1296/2560
f 840/1183/2561 841/1182/2562 843/1184/2563 842/1294/2564
f 842/1185/2565 843/1184/2566 837/1179/2567 836/1295/2568
f 837/1179/2569 843/1184/2570 841/1182/2571 839/1180/2572
f 844/1186/2573 845/1187/2574 847/1188/2575 846/1293/2576
f 846/1189/2577 847/1188/2578 849/1190/2579 848/1292/2580
f 848/1191/2581 849/1190/2582 851/1192/2583 850/1290/2584
f 850/1193/2585 851/1192/2586 845/1187/2587 844/1291/2588
f 845/1187/2589 851/1192/2590 849/1190/2591 847/1188/2592
f 852/1194/2593 853/1195/2594 855/1196/2595 854/1289/2596
f 854/1197/2597 855/1196/2598 857/1198/2599 856/1288/2600
f 856/1199/2601 857/1198/2602 859/1200/2603 858/1286/2604
f 858/1201/2605 859/1200/2606 853/1195/2607 852/1287/2608
f 853/1195/2609 859/1200/2610 857/1198/2611 855/1196/2612
f 860/1202/2613 861/1203/2614 863/1204/2615 862/1285/2616
f 862/1205/2617 863/1204/2618 865/1206/2619 864/1284/2620
f 864/1207/2621 865/1206/2622 867/1208/2623 866/1282/2624
f 866/1209/2625 867/1208/2626 861/1203/2627 860/1283/2628
f 861/1203/2629 867/1208/2630 865/1206/2631 863/1204/2632
f 868/1210/2633 869/1211/2634 871/1212/2635 870/1281/2636
f 870/1213/2637 871/1212/2638 873/1214/2639 872/1280/2640
f 872/1215/2641 873/1214/2642 875/1216/2643 874/1278/2644
f 874/1217/2645 875/1216/2646 869/1211/2647 868/1279/2648
f 869/1211/2649 875/1216/2650 873/1214/2651 871/1212/2652
f 876/1218/2653 877/1219/2654 879/1220/2655 878/1277/2656
f 878/1221/2657 879/1220/2658 881/1222/2659 880/1276/2660
f 880/1223/2661 881/1222/2662 883/1224/2663 882/1274/2664
f 882/1225/2665 883/1224/2666 877/1219/2667 876/1275/2668
f 877/1219/2669 883/1224/2670 881/1222/2671 879/1220/2672
f 884/1226/2673 885/1227/2674 887/1228/2675 886/1273/2676
f 886/1229/2677 887/1228/2678 889/1230/2679 888/1272/2680
f 888/1231/2681 889/1230/2682 891/1232/2683 890/1270/2684
f 890/1233/2685 891/1232/2686 885/1227/2687 884/1271/2688
f 885/1227/2689 891/1232/2690 889/1230/2691 887/1228/2692
f 892/1234/2693 893/1235/2694 895/1236/2695 894/1269/2696
f 894/1237/2697 895/1236/2698 897/1238/2699 896/1268/2700
f 896/1239/2701 897/1238/2702 899/1240/2703 898/1266/2704
f 898/1241/2705 899/1240/2706 893/1235/2707 892/1267/2708
f 893/1235/2709 899/1240/2710 897/1238/2711 895/1236/2712
f 900/1242/2713 901/1243/2714 903/1244/2715 902/1265/2716
f 902/1245/2717 903/1244/2718 905/1246/2719 904/1264/2720
f 904/1247/2721 905/1246/2722 907/1248/2723 906/1262/2724
f 906/1249/2725 907/1248/2726 901/1243/2727 900/1263/2728
f 901/1243/2729 907/1248/2730 905/1246/2731 903/1244/2732
f 908/1250/2733 909/1251/2734 911/1252/2735 910/1261/2736
f 910/1253/2737 911/1252/2738 913/1254/2739 912/1260/2740
f 912/1255/2741 913/1254/2742 915/1256/2743 914/1258/2744
f 914/1257/2745 915/1256/2746 909/1251/2747 908/1259/2748
f 909/1251/2749 915/1256/2750 913/1254/2751 911/1252/2752
f 744/1098/2753 733/1126/2754 916/1347/2755 743/1099/2756
g default
v 0.000000 54.168976 0.000000
v 469.535034 54.168976 0.000000
v 0.000000 78.534882 0.000000
v 469.535034 78.534882 0.000000
v 0.000000 78.534882 -189.795783
v 469.535034 78.534882 -189.795783
v 0.000000 54.168976 -189.795783
v 469.535034 54.168976 -189.795783
v 70.430252 91.185394 0.000000
v 70.430252 91.185394 -189.795783
v 119.731430 98.364777 0.000000
v 119.731430 98.364777 -189.795783
v 189.184921 106.529663 0.000000
v 189.184921 106.529663 -189.795783
v 399.104797 91.185394 0.000000
v 399.104797 91.185394 -189.795783
v 349.803650 98.364777 0.000000
v 349.803650 98.364777 -189.795783
v 280.350143 106.529663 0.000000
v 280.350143 106.529663 -189.795783
v 0.000000 -60.199341 -189.795783
v 70.430252 -60.199341 -189.795783
v 70.430252 -60.199341 0.000000
v 0.000000 -60.199341 0.000000
v 119.731430 -60.199341 -189.795783
v 119.731430 -60.199341 0.000000
v 189.184921 -60.199341 -189.795783
v 189.184921 -60.199341 0.000000
v 399.104797 -60.199341 -189.795783
v 399.104797 -60.199341 0.000000
v 469.535034 -60.199341 -189.795783
v 469.535034 -60.199341 0.000000
v 280.350143 -60.199341 -189.795783
v 280.350143 -60.199341 0.000000
v 349.803650 -60.199341 -189.795783
v 349.803650 -60.199341 0.000000
v 70.430252 39.380096 0.000000
v 85.219116 54.168976 0.000000
v 70.430252 66.792053 0.000000
v 57.807159 54.168976 0.000000
v 70.430252 39.380096 -189.795783
v 57.807159 54.168976 -189.795783
v 70.430252 66.792053 -189.795783
v 85.219116 54.168976 -189.795783
v 119.731430 39.380096 0.000000
v 132.354507 54.168976 0.000000
v 119.731430 66.792053 0.000000
v 104.942551 54.168976 0.000000
v 119.731430 39.380096 -189.795783
v 104.942551 54.168976 -189.795783
v 119.731430 66.792053 -189.795783
v 132.354507 54.168976 -189.795783
v 189.184921 39.380096 0.000000
v 203.973801 54.168976 0.000000
v 189.184921 66.792053 0.000000
v 176.561844 54.168976 0.000000
v 189.184921 39.380096 -189.795783
v 176.561844 54.168976 -189.795783
v 189.184921 66.792053 -189.795783
v 203.973801 54.168976 -189.795783
v 399.104797 39.380096 0.000000
v 411.727905 54.168976 0.000000
v 399.104797 66.792053 0.000000
v 384.315918 54.168976 0.000000
v 399.104797 39.380096 -189.795783
v 384.315918 54.168976 -189.795783
v 399.104797 66.792053 -189.795783
v 411.727905 54.168976 -189.795783
v 349.803650 39.380096 0.000000
v 364.592529 54.168976 0.000000
v 349.803650 66.792053 0.000000
v 337.180542 54.168976 0.000000
v 349.803650 39.380096 -189.795783
v 337.180542 54.168976 -189.795783
v 349.803650 66.792053 -189.795783
v 364.592529 54.168976 -189.795783
v 280.350143 39.380096 0.000000
v 292.973251 54.168976 0.000000
v 280.350143 66.792053 0.000000
v 265.561264 54.168976 0.000000
v 280.350143 39.380096 -189.795783
v 265.561264 54.168976 -189.795783
v 280.350143 66.792053 -189.795783
v 292.973251 54.168976 -189.795783
v 469.535034 39.380096 -189.795783
v 469.535034 66.792084 -189.795783
v 0.000000 66.792053 -189.795783
v 0.000000 39.380096 -189.795783
v 0.000000 39.380096 0.000000
v 0.000000 66.792053 0.000000
v 469.535034 66.792053 0.000000
v 469.535034 39.380096 0.000000
v 0.000000 78.534882 -94.897892
v 70.430252 91.185394 -94.897892
v 119.731430 98.364777 -94.897892
v 189.184921 106.529663 -94.897892
v 280.350143 106.529663 -94.897892
v 349.803650 98.364777 -94.897892
v 399.104797 91.185394 -94.897892
v 469.535034 78.534882 -94.897892
v 0.000000 78.534882 -18.979593
v 70.430252 91.185394 -18.979593
v 119.731430 98.364777 -18.979593
v 189.184921 106.529663 -18.979593
v 280.350143 106.529663 -18.979593
v 349.803650 98.364777 -18.979593
v 399.104797 91.185394 -18.979593
v 469.535034 78.534882 -18.979593
v 0.000000 78.534882 -170.816205
v 70.430252 91.185394 -170.816205
v 119.731430 98.364777 -170.816205
v 189.184921 106.529663 -170.816205
v 280.350143 106.529663 -170.816205
v 349.803650 98.364777 -170.816205
v 399.104797 91.185394 -170.816205
v 469.535034 78.534882 -170.816205
v 0.000000 100.565948 -170.816205
v 70.430252 113.216461 -170.816205
v 70.430252 113.216461 -189.795783
v 0.000000 100.565948 -189.795783
v 119.731430 120.395844 -170.816205
v 119.731430 120.395844 -189.795783
v 189.184921 128.560730 -170.816205
v 189.184921 128.560730 -189.795783
v 280.350143 128.560730 -189.795783
v 280.350143 128.560730 -170.816205
v 399.104797 113.216461 -170.816205
v 399.104797 113.216461 -189.795783
v 469.535034 100.565948 -170.816205
v 469.535034 100.565948 -189.795783
v 349.803650 120.395844 -170.816205
v 349.803650 120.395844 -189.795783
v 0.000000 100.565948 0.000000
v 70.430252 113.216461 0.000000
v 70.430252 113.216461 -18.979593
v 0.000000 100.565948 -18.979593
v 119.731430 120.395844 -18.979593
v 119.731430 120.395844 0.000000
v 189.184921 128.560730 -18.979593
v 189.184921 128.560730 0.000000
v 280.350143 128.560730 -18.979593
v 280.350143 128.560730 0.000000
v 349.803650 120.395844 -18.979593
v 349.803650 120.395844 0.000000
v 399.104797 113.216461 -18.979593
v 399.104797 113.216461 0.000000
v 469.535034 100.565948 -18.979593
v 469.535034 100.565948 0.000000
vt 0.231163 0.012333
vt 0.232634 0.056343
vt 0.217398 0.056787
vt 0.223814 0.012565
vt 0.214026 0.325776
vt 0.312910 0.259654
vt 0.219446 0.279924
vt 0.225779 0.324119
vt 0.239564 0.324596
vt 0.233205 0.280364
vt 0.248440 0.280827
vt 0.246911 0.324837
vt 0.233511 0.087224
vt 0.213763 0.087640
vt 0.312885 0.228995
vt 0.215801 0.249157
vt 0.240795 0.065391
vt 0.192492 0.164861
vt 0.256992 0.259401
vt 0.311015 0.151614
vt 0.234405 0.130706
vt 0.209640 0.130962
vt 0.313346 0.186208
vt 0.211739 0.206005
vt 0.209588 0.187720
vt 0.234411 0.188008
vt 0.211813 0.149584
vt 0.313348 0.130131
vt 0.192443 0.177486
vt 0.242319 0.139963
vt 0.311064 0.138989
vt 0.258207 0.158398
vt 0.217274 0.261903
vt 0.232506 0.262379
vt 0.230925 0.306393
vt 0.223581 0.306142
vt 0.219522 0.075676
vt 0.207768 0.074147
vt 0.225456 0.019638
vt 0.225869 0.031490
vt 0.213682 0.231043
vt 0.233432 0.231492
vt 0.215850 0.106436
vt 0.204048 0.105226
vt 0.241060 0.240961
vt 0.311065 0.152072
vt 0.256677 0.083831
vt 0.192443 0.164403
vt 0.254807 0.325095
vt 0.256050 0.288968
vt 0.265548 0.281381
vt 0.264056 0.325398
vt 0.249742 0.055813
vt 0.311944 0.053803
vt 0.193077 0.240168
vt 0.250673 0.086939
vt 0.266513 0.250254
vt 0.328763 0.251386
vt 0.310431 0.076308
vt 0.267380 0.206760
vt 0.251476 0.130437
vt 0.313688 0.129315
vt 0.311061 0.063680
vt 0.249616 0.262960
vt 0.265621 0.074236
vt 0.327822 0.072138
vt 0.192445 0.239712
vt 0.238818 0.306661
vt 0.240107 0.270534
vt 0.248063 0.306977
vt 0.251480 0.188323
vt 0.267373 0.148868
vt 0.329590 0.147688
vt 0.192447 0.252795
vt 0.266545 0.105369
vt 0.250587 0.231823
vt 0.312830 0.233011
vt 0.311062 0.076763
vt 0.248309 0.011794
vt 0.310525 0.009800
vt 0.249353 0.249947
vt 0.229598 0.249507
vt 0.250312 0.206462
vt 0.225487 0.206181
vt 0.250300 0.149155
vt 0.225537 0.149426
vt 0.264134 0.030218
vt 0.326343 0.028138
vt 0.256123 0.066649
vt 0.248510 0.074792
vt 0.246994 0.030777
vt 0.254888 0.030520
vt 0.249389 0.105678
vt 0.229644 0.106102
vt 0.233278 0.075247
vt 0.258013 0.141123
vt 0.257456 0.113437
vt 0.240255 0.048212
vt 0.241573 0.094998
vt 0.257427 0.242182
vt 0.242123 0.122684
vt 0.258015 0.214493
vt 0.241513 0.223741
vt 0.242108 0.196049
vt 0.239650 0.031017
vt 0.326267 0.327479
vt 0.239060 0.012085
vt 0.310269 0.309150
vt 0.205251 0.306957
vt 0.204649 0.262117
vt 0.251989 0.261581
vt 0.252226 0.306312
vt 0.251862 0.230403
vt 0.204491 0.230881
vt 0.251771 0.186688
vt 0.204000 0.186910
vt 0.251737 0.129788
vt 0.203914 0.129661
vt 0.251645 0.086072
vt 0.204241 0.085926
vt 0.251518 0.054895
vt 0.204174 0.054757
vt 0.251282 0.010163
vt 0.223140 0.318000
vt 0.210028 0.013024
vt 0.203638 0.057213
vt 0.191871 0.055690
vt 0.209632 0.001171
vt 0.188134 0.086778
vt 0.199967 0.087979
vt 0.184069 0.130638
vt 0.195914 0.131126
vt 0.184023 0.188053
vt 0.195843 0.187551
vt 0.188083 0.231889
vt 0.199886 0.230695
vt 0.191762 0.262967
vt 0.203518 0.261455
vt 0.198047 0.307292
vt 0.209801 0.305649
vt 0.299333 0.261718
vt 0.239138 0.336454
vt 0.299266 0.230550
vt 0.299593 0.186814
vt 0.299508 0.129565
vt 0.299017 0.085594
vt 0.298858 0.054359
vt 0.298256 0.009519
vt 0.190799 0.012371
vt 0.209371 0.317500
vt 0.190598 0.056821
vt 0.204298 0.010104
vt 0.190622 0.087480
vt 0.190161 0.130267
vt 0.190160 0.186344
vt 0.190861 0.229387
vt 0.191055 0.260167
vt 0.191724 0.304801
vt 0.198257 0.011349
vt 0.223404 0.000707
vt 0.199930 0.149071
vt 0.312646 0.087089
vt 0.312452 0.056309
vt 0.311784 0.011674
vt 0.214117 0.029829
vt 0.239226 0.019158
vt 0.199956 0.206484
vt 0.203968 0.250350
vt 0.207666 0.281443
vt 0.312708 0.304105
vt 0.225367 0.335971
vt 0.299209 0.306372
vt 0.311066 0.177481
vt 0.311066 0.190553
vt 0.192444 0.190558
vt 0.242316 0.178773
vt 0.311064 0.139000
vt 0.257033 0.096220
vt 0.192442 0.152076
vt 0.192442 0.139004
vt 0.311065 0.164399
vt 0.311066 0.177471
vt 0.192443 0.177475
vt 0.240687 0.253352
vt 0.311064 0.125917
vt 0.258225 0.197213
vt 0.192442 0.138994
vt 0.192441 0.125923
vt 0.192397 0.152535
vt 0.192295 0.139463
vt 0.310914 0.138543
vt 0.241162 0.077780
vt 0.311111 0.163941
vt 0.311212 0.177012
vt 0.192594 0.177933
vt 0.311069 0.252790
vt 0.313694 0.189589
vt 0.328788 0.104266
vt 0.192440 0.076767
vt 0.311068 0.239708
vt 0.311814 0.265151
vt 0.329588 0.207965
vt 0.192438 0.063685
vt 0.191812 0.077228
vt 0.312923 0.085893
vt 0.327747 0.283478
vt 0.311695 0.239247
vt 0.256612 0.271790
vn 0.000000 0.000000 1.000000
vn 0.000000 0.000000 1.000000
vn 0.000000 0.000000 1.000000
vn 0.000000 0.000000 1.000000
vn -0.176788 0.984249 0.000000
vn -0.176788 0.984249 0.000000
vn -0.176788 0.984249 0.000000
vn -0.176788 0.984249 0.000000
vn 0.000000 0.000000 -1.000000
vn 0.000000 0.000000 -1.000000
vn 0.000000 0.000000 -1.000000
vn 0.000000 0.000000 -1.000000
vn -0.000000 0.000000 1.000000
vn -0.000000 0.000000 1.000000
vn -0.000000 0.000000 1.000000
vn -0.000000 0.000000 1.000000
vn -0.144103 0.989563 0.000000
vn -0.144103 0.989563 0.000000
vn -0.144103 0.989563 0.000000
vn -0.144103 0.989563 0.000000
vn 0.000000 -1.000000 0.000000
vn 0.000000 -1.000000 0.000000
vn 0.000000 -1.000000 0.000000
vn 0.000000 -1.000000 0.000000
vn 0.000000 0.000000 1.000000
vn 0.000000 0.000000 1.000000
vn 0.000000 0.000000 1.000000
vn 0.000000 0.000000 1.000000
vn -0.116755 0.993161 0.000000
vn -0.116755 0.993161 0.000000
vn -0.116755 0.993161 0.000000
vn -0.116755 0.993161 0.000000
vn 0.000000 0.000000 1.000000
vn 0.000000 0.000000 1.000000
vn 0.000000 0.000000 1.000000
vn 0.000000 0.000000 1.000000
vn 0.000000 1.000000 0.000000
vn 0.000000 1.000000 0.000000
vn 0.000000 1.000000 0.000000
vn 0.000000 1.000000 0.000000
vn 0.000000 -1.000000 0.000000
vn 0.000000 -1.000000 0.000000
vn 0.000000 -1.000000 0.000000
vn 0.000000 -1.000000 0.000000
vn -0.000000 0.000000 1.000000
vn -0.000000 0.000000 1.000000
vn -0.000000 0.000000 1.000000
vn -0.000000 0.000000 1.000000
vn 0.176788 0.984249 0.000000
vn 0.176788 0.984249 0.000000
vn 0.176788 0.984249 0.000000
vn 0.176788 0.984249 0.000000
vn 0.000000 0.000000 1.000000
vn 0.000000 0.000000 1.000000
vn 0.000000 0.000000 1.000000
vn 0.000000 0.000000 1.000000
vn 0.144103 0.989563 0.000000
vn 0.144103 0.989563 0.000000
vn 0.144103 0.989563 0.000000
vn 0.144103 0.989563 0.000000
vn 0.000000 -1.000000 0.000000
vn 0.000000 -1.000000 0.000000
vn 0.000000 -1.000000 0.000000
vn 0.000000 -1.000000 0.000000
vn -0.000000 0.000000 1.000000
vn -0.000000 0.000000 1.000000
vn -0.000000 0.000000 1.000000
vn -0.000000 0.000000 1.000000
vn 0.116755 0.993161 0.000000
vn 0.116755 0.993161 0.000000
vn 0.116755 0.993161 0.000000
vn 0.116755 0.993161 0.000000
vn 0.000000 0.000000 -1.000000
vn 0.000000 0.000000 -1.000000
vn 0.000000 0.000000 -1.000000
vn 0.000000 0.000000 -1.000000
vn 1.000000 0.000000 0.000000
vn 1.000000 0.000000 0.000000
vn 1.000000 0.000000 0.000000
vn 1.000000 0.000000 0.000000
vn -1.000000 0.000000 0.000000
vn -1.000000 0.000000 0.000000
vn -1.000000 0.000000 0.000000
vn -1.000000 0.000000 0.000000
vn 1.000000 0.000000 0.000000
vn 1.000000 0.000000 0.000000
vn 1.000000 0.000000 0.000000
vn 1.000000 0.000000 0.000000
vn -1.000000 0.000000 0.000000
vn -1.000000 0.000000 0.000000
vn -1.000000 0.000000 0.000000
vn -1.000000 0.000000 0.000000
vn 0.000000 0.000000 1.000000
vn 0.000000 0.000000 1.000000
vn 0.000000 0.000000 1.000000
vn 0.000000 0.000000 1.000000
vn -1.000000 0.000000 0.000000
vn -1.000000 0.000000 0.000000
vn -1.000000 0.000000 0.000000
vn -1.000000 0.000000 0.000000
vn 1.000000 0.000000 0.000000
vn 1.000000 0.000000 0.000000
vn 1.000000 0.000000 0.000000
vn 1.000000 0.000000 0.000000
vn 0.000000 0.000000 1.000000
vn 0.000000 0.000000 1.000000
vn 0.000000 0.000000 1.000000
vn 0.000000 0.000000 1.000000
vn -0.000000 0.000000 -1.000000
vn -0.000000 0.000000 -1.000000
vn -0.000000 0.000000 -1.000000
vn -0.000000 0.000000 -1.000000
vn 0.000000 0.000000 -1.000000
vn 0.000000 0.000000 -1.000000
vn 0.000000 0.000000 -1.000000
vn 0.000000 0.000000 -1.000000
vn 0.000000 0.000000 -1.000000
vn 0.000000 0.000000 -1.000000
vn 0.000000 0.000000 -1.000000
vn 0.000000 0.000000 -1.000000
vn 0.000000 0.000000 1.000000
vn 0.000000 0.000000 1.000000
vn 0.000000 0.000000 1.000000
vn 0.000000 0.000000 1.000000
vn 0.000000 0.000000 -1.000000
vn 0.000000 0.000000 -1.000000
vn 0.000000 0.000000 -1.000000
vn 0.000000 0.000000 -1.000000
vn 0.000000 0.000000 -1.000000
vn 0.000000 0.000000 -1.000000
vn 0.000000 0.000000 -1.000000
vn 0.000000 0.000000 -1.000000
vn 0.000000 0.000000 -1.000000
vn 0.000000 0.000000 -1.000000
vn 0.000000 0.000000 -1.000000
vn 0.000000 0.000000 -1.000000
vn 0.000000 0.000000 1.000000
vn 0.000000 0.000000 1.000000
vn 0.000000 0.000000 1.000000
vn 0.000000 0.000000 1.000000
vn 0.000000 0.000000 -1.000000
vn 0.000000 0.000000 -1.000000
vn 0.000000 0.000000 -1.000000
vn 0.000000 0.000000 -1.000000
vn 0.000000 0.000000 -1.000000
vn 0.000000 0.000000 -1.000000
vn 0.000000 0.000000 -1.000000
vn 0.000000 0.000000 -1.000000
vn 0.000000 0.000000 -1.000000
vn 0.000000 0.000000 -1.000000
vn 0.000000 0.000000 -1.000000
vn 0.000000 0.000000 -1.000000
vn 0.707107 -0.707106 0.000000
vn 0.707107 -0.707106 0.000000
vn 0.707107 -0.707106 0.000000
vn 0.707107 -0.707106 0.000000
vn -0.707107 -0.707107 0.000000
vn -0.707107 -0.707107 0.000000
vn -0.707107 -0.707107 0.000000
vn -0.707107 -0.707107 0.000000
vn 0.707107 -0.707107 0.000000
vn 0.707107 -0.707107 0.000000
vn 0.707107 -0.707107 0.000000
vn 0.707107 -0.707107 0.000000
vn -0.707107 -0.707107 0.000000
vn -0.707107 -0.707107 0.000000
vn -0.707107 -0.707107 0.000000
vn -0.707107 -0.707107 0.000000
vn 0.707107 -0.707107 0.000000
vn 0.707107 -0.707107 0.000000
vn 0.707107 -0.707107 0.000000
vn 0.707107 -0.707107 0.000000
vn -0.707107 -0.707107 0.000000
vn -0.707107 -0.707107 0.000000
vn -0.707107 -0.707107 0.000000
vn -0.707107 -0.707107 0.000000
vn -0.000000 0.000000 1.000000
vn -0.000000 0.000000 1.000000
vn -0.000000 0.000000 1.000000
vn -0.000000 0.000000 1.000000
vn 0.000000 0.000000 -1.000000
vn 0.000000 0.000000 -1.000000
vn 0.000000 0.000000 -1.000000
vn 0.000000 0.000000 -1.000000
vn -0.000000 0.000000 1.000000
vn -0.000000 0.000000 1.000000
vn -0.000000 0.000000 1.000000
vn -0.000000 0.000000 1.000000
vn 0.000000 0.000000 -1.000000
vn 0.000000 0.000000 -1.000000
vn 0.000000 0.000000 -1.000000
vn 0.000000 0.000000 -1.000000
vn -0.000000 0.000000 1.000000
vn -0.000000 0.000000 1.000000
vn -0.000000 0.000000 1.000000
vn -0.000000 0.000000 1.000000
vn 0.000000 0.000000 -1.000000
vn 0.000000 0.000000 -1.000000
vn 0.000000 0.000000 -1.000000
vn 0.000000 0.000000 -1.000000
vn -0.000000 0.000000 1.000000
vn -0.000000 0.000000 1.000000
vn -0.000000 0.000000 1.000000
vn -0.000000 0.000000 1.000000
vn 0.000000 0.000000 -1.000000
vn 0.000000 0.000000 -1.000000
vn 0.000000 0.000000 -1.000000
vn 0.000000 0.000000 -1.000000
vn -0.000000 0.000000 1.000000
vn -0.000000 0.000000 1.000000
vn -0.000000 0.000000 1.000000
vn -0.000000 0.000000 1.000000
vn 0.000000 0.000000 -1.000000
vn 0.000000 0.000000 -1.000000
vn 0.000000 0.000000 -1.000000
vn 0.000000 0.000000 -1.000000
vn -0.000000 0.000000 1.000000
vn -0.000000 0.000000 1.000000
vn -0.000000 0.000000 1.000000
vn -0.000000 0.000000 1.000000
vn 0.000000 0.000000 -1.000000
vn 0.000000 0.000000 -1.000000
vn 0.000000 0.000000 -1.000000
vn 0.000000 0.000000 -1.000000
vn 0.000000 0.000000 -1.000000
vn 0.000000 0.000000 -1.000000
vn 0.000000 0.000000 -1.000000
vn 0.000000 0.000000 -1.000000
vn 0.000000 0.000000 -1.000000
vn 0.000000 0.000000 -1.000000
vn 0.000000 0.000000 -1.000000
vn 0.000000 0.000000 -1.000000
vn 0.000000 0.000000 -1.000000
vn 0.000000 0.000000 -1.000000
vn 0.000000 0.000000 -1.000000
vn 0.000000 0.000000 -1.000000
vn 0.000000 0.000000 -1.000000
vn 0.000000 0.000000 -1.000000
vn 0.000000 0.000000 -1.000000
vn 0.000000 0.000000 -1.000000
vn 0.000000 0.000000 -1.000000
vn 0.000000 0.000000 -1.000000
vn 0.000000 0.000000 -1.000000
vn 0.000000 0.000000 -1.000000
vn 0.000000 0.000000 -1.000000
vn 0.000000 0.000000 -1.000000
vn 0.000000 0.000000 -1.000000
vn 0.000000 0.000000 -1.000000
vn 0.000000 0.000000 -1.000000
vn 0.000000 0.000000 -1.000000
vn 0.000000 0.000000 -1.000000
vn 0.000000 0.000000 -1.000000
vn 0.000000 0.000000 -1.000000
vn 0.000000 0.000000 -1.000000
vn 0.000000 0.000000 -1.000000
vn 0.000000 0.000000 -1.000000
vn 0.000000 0.000000 -1.000000
vn 0.000000 0.000000 -1.000000
vn 0.000000 0.000000 -1.000000
vn 0.000000 0.000000 -1.000000
vn 0.000000 0.000000 -1.000000
vn 0.000000 0.000000 -1.000000
vn 0.000000 0.000000 -1.000000
vn 0.000000 0.000000 -1.000000
vn 0.000000 0.000000 -1.000000
vn 0.000000 0.000000 -1.000000
vn 0.000000 0.000000 -1.000000
vn 0.000000 0.000000 -1.000000
vn 0.000000 0.000000 1.000000
vn 0.000000 0.000000 1.000000
vn 0.000000 0.000000 1.000000
vn 0.000000 0.000000 1.000000
vn 0.000000 0.000000 1.000000
vn 0.000000 0.000000 1.000000
vn 0.000000 0.000000 1.000000
vn 0.000000 0.000000 1.000000
vn 0.000000 0.000000 1.000000
vn 0.000000 0.000000 1.000000
vn 0.000000 0.000000 1.000000
vn 0.000000 0.000000 1.000000
vn 0.000000 0.000000 1.000000
vn 0.000000 0.000000 1.000000
vn 0.000000 0.000000 1.000000
vn 0.000000 0.000000 1.000000
vn 0.000000 0.000000 1.000000
vn 0.000000 0.000000 1.000000
vn 0.000000 0.000000 1.000000
vn 0.000000 0.000000 1.000000
vn 0.000000 0.000000 1.000000
vn 0.000000 0.000000 1.000000
vn 0.000000 0.000000 1.000000
vn 0.000000 0.000000 1.000000
vn 0.000000 0.000000 1.000000
vn 0.000000 0.000000 1.000000
vn 0.000000 0.000000 1.000000
vn 0.000000 0.000000 1.000000
vn 0.000000 0.000000 1.000000
vn 0.000000 0.000000 1.000000
vn 0.000000 0.000000 1.000000
vn 0.000000 0.000000 1.000000
vn 0.000000 0.000000 1.000000
vn 0.000000 0.000000 1.000000
vn 0.000000 0.000000 1.000000
vn 0.000000 0.000000 1.000000
vn 0.000000 0.000000 1.000000
vn 0.000000 0.000000 1.000000
vn 0.000000 0.000000 1.000000
vn 0.000000 0.000000 1.000000
vn 0.000000 0.000000 1.000000
vn 0.000000 0.000000 1.000000
vn 0.000000 0.000000 1.000000
vn 0.000000 0.000000 1.000000
vn -0.176788 0.984249 0.000000
vn -0.176788 0.984249 0.000000
vn -0.176788 0.984249 0.000000
vn -0.176788 0.984249 0.000000
vn -0.144103 0.989563 0.000000
vn -0.144103 0.989563 0.000000
vn -0.144103 0.989563 0.000000
vn -0.144103 0.989563 0.000000
vn -0.116755 0.993161 0.000000
vn -0.116755 0.993161 0.000000
vn -0.116755 0.993161 0.000000
vn -0.116755 0.993161 0.000000
vn 0.000000 1.000000 0.000000
vn 0.000000 1.000000 0.000000
vn 0.000000 1.000000 0.000000
vn 0.000000 1.000000 0.000000
vn 0.116755 0.993161 0.000000
vn 0.116755 0.993161 0.000000
vn 0.116755 0.993161 0.000000
vn 0.116755 0.993161 0.000000
vn 0.144103 0.989563 0.000000
vn 0.144103 0.989563 0.000000
vn 0.144103 0.989563 0.000000
vn 0.144103 0.989563 0.000000
vn 0.176788 0.984249 0.000000
vn 0.176788 0.984249 0.000000
vn 0.176788 0.984249 0.000000
vn 0.176788 0.984249 0.000000
vn -0.176788 0.984249 0.000000
vn -0.176788 0.984249 0.000000
vn -0.176788 0.984249 0.000000
vn -0.176788 0.984249 0.000000
vn -0.144103 0.989563 0.000000
vn -0.144103 0.989563 0.000000
vn -0.144103 0.989563 0.000000
vn -0.144103 0.989563 0.000000
vn -0.116755 0.993161 0.000000
vn -0.116755 0.993161 0.000000
vn -0.116755 0.993161 0.000000
vn -0.116755 0.993161 0.000000
vn 0.000000 1.000000 0.000000
vn 0.000000 1.000000 0.000000
vn 0.000000 1.000000 0.000000
vn 0.000000 1.000000 0.000000
vn 0.116755 0.993161 0.000000
vn 0.116755 0.993161 0.000000
vn 0.116755 0.993161 0.000000
vn 0.116755 0.993161 0.000000
vn 0.144103 0.989563 0.000000
vn 0.144103 0.989563 0.000000
vn 0.144103 0.989563 0.000000
vn 0.144103 0.989563 0.000000
vn 0.176788 0.984249 0.000000
vn 0.176788 0.984249 0.000000
vn 0.176788 0.984249 0.000000
vn 0.176788 0.984249 0.000000
vn -0.176788 0.984249 0.000000
vn -0.176788 0.984249 0.000000
vn -0.176788 0.984249 0.000000
vn -0.176788 0.984249 0.000000
vn -0.144103 0.989563 0.000000
vn -0.144103 0.989563 0.000000
vn -0.144103 0.989563 0.000000
vn -0.144103 0.989563 0.000000
vn -0.116755 0.993161 0.000000
vn -0.116755 0.993161 0.000000
vn -0.116755 0.993161 0.000000
vn -0.116755 0.993161 0.000000
vn 0.000000 1.000000 0.000000
vn 0.000000 1.000000 0.000000
vn 0.000000 1.000000 0.000000
vn 0.000000 1.000000 0.000000
vn 0.116755 0.993161 0.000000
vn 0.116755 0.993161 0.000000
vn 0.116755 0.993161 0.000000
vn 0.116755 0.993161 0.000000
vn 0.144103 0.989563 0.000000
vn 0.144103 0.989563 0.000000
vn 0.144103 0.989563 0.000000
vn 0.144103 0.989563 0.000000
vn 0.176788 0.984249 0.000000
vn 0.176788 0.984249 0.000000
vn 0.176788 0.984249 0.000000
vn 0.176788 0.984249 0.000000
vn 0.000000 0.000000 1.000000
vn 0.000000 0.000000 1.000000
vn 0.000000 0.000000 1.000000
vn 0.000000 0.000000 1.000000
vn 0.000000 0.000000 -1.000000
vn 0.000000 0.000000 -1.000000
vn 0.000000 0.000000 -1.000000
vn 0.000000 0.000000 -1.000000
vn -1.000000 0.000000 0.000000
vn -1.000000 0.000000 0.000000
vn -1.000000 0.000000 0.000000
vn -1.000000 0.000000 0.000000
vn 0.000000 0.000000 1.000000
vn 0.000000 0.000000 1.000000
vn 0.000000 0.000000 1.000000
vn 0.000000 0.000000 1.000000
vn 0.000000 0.000000 -1.000000
vn 0.000000 0.000000 -1.000000
vn 0.000000 0.000000 -1.000000
vn 0.000000 0.000000 -1.000000
vn 0.000000 0.000000 1.000000
vn 0.000000 0.000000 1.000000
vn 0.000000 0.000000 1.000000
vn 0.000000 0.000000 1.000000
vn 0.000000 0.000000 -1.000000
vn 0.000000 0.000000 -1.000000
vn 0.000000 0.000000 -1.000000
vn 0.000000 0.000000 -1.000000
vn 0.000000 0.000000 -1.000000
vn 0.000000 0.000000 -1.000000
vn 0.000000 0.000000 -1.000000
vn 0.000000 0.000000 -1.000000
vn 0.000000 0.000000 1.000000
vn 0.000000 0.000000 1.000000
vn 0.000000 0.000000 1.000000
vn 0.000000 0.000000 1.000000
vn 0.000000 0.000000 1.000000
vn 0.000000 0.000000 1.000000
vn 0.000000 0.000000 1.000000
vn 0.000000 0.000000 1.000000
vn 1.000000 0.000000 0.000000
vn 1.000000 0.000000 0.000000
vn 1.000000 0.000000 0.000000
vn 1.000000 0.000000 0.000000
vn 0.000000 0.000000 -1.000000
vn 0.000000 0.000000 -1.000000
vn 0.000000 0.000000 -1.000000
vn 0.000000 0.000000 -1.000000
vn 0.000000 0.000000 1.000000
vn 0.000000 0.000000 1.000000
vn 0.000000 0.000000 1.000000
vn 0.000000 0.000000 1.000000
vn 0.000000 0.000000 -1.000000
vn 0.000000 0.000000 -1.000000
vn 0.000000 0.000000 -1.000000
vn 0.000000 0.000000 -1.000000
vn 0.000000 0.000000 1.000000
vn 0.000000 0.000000 1.000000
vn 0.000000 0.000000 1.000000
vn 0.000000 0.000000 1.000000
vn -0.000000 0.000000 -1.000000
vn -0.000000 0.000000 -1.000000
vn -0.000000 0.000000 -1.000000
vn -0.000000 0.000000 -1.000000
vn 0.000000 0.000000 1.000000
vn 0.000000 0.000000 1.000000
vn 0.000000 0.000000 1.000000
vn 0.000000 0.000000 1.000000
vn 0.000000 0.000000 -1.000000
vn 0.000000 0.000000 -1.000000
vn 0.000000 0.000000 -1.000000
vn 0.000000 0.000000 -1.000000
vn -1.000000 0.000000 0.000000
vn -1.000000 0.000000 0.000000
vn -1.000000 0.000000 0.000000
vn -1.000000 0.000000 0.000000
vn 0.000000 0.000000 -1.000000
vn 0.000000 0.000000 -1.000000
vn 0.000000 0.000000 -1.000000
vn 0.000000 0.000000 -1.000000
vn 0.000000 0.000000 1.000000
vn 0.000000 0.000000 1.000000
vn 0.000000 0.000000 1.000000
vn 0.000000 0.000000 1.000000
vn 0.000000 0.000000 -1.000000
vn 0.000000 0.000000 -1.000000
vn 0.000000 0.000000 -1.000000
vn 0.000000 0.000000 -1.000000
vn 0.000000 0.000000 1.000000
vn 0.000000 0.000000 1.000000
vn 0.000000 0.000000 1.000000
vn 0.000000 0.000000 1.000000
vn 0.000000 0.000000 -1.000000
vn 0.000000 0.000000 -1.000000
vn 0.000000 0.000000 -1.000000
vn 0.000000 0.000000 -1.000000
vn 0.000000 0.000000 1.000000
vn 0.000000 0.000000 1.000000
vn 0.000000 0.000000 1.000000
vn 0.000000 0.000000 1.000000
vn 0.000000 0.000000 -1.000000
vn 0.000000 0.000000 -1.000000
vn 0.000000 0.000000 -1.000000
vn 0.000000 0.000000 -1.000000
vn 0.000000 0.000000 1.000000
vn 0.000000 0.000000 1.000000
vn 0.000000 0.000000 1.000000
vn 0.000000 0.000000 1.000000
vn 0.000000 0.000000 -1.000000
vn 0.000000 0.000000 -1.000000
vn 0.000000 0.000000 -1.000000
vn 0.000000 0.000000 -1.000000
vn 0.000000 0.000000 1.000000
vn 0.000000 0.000000 1.000000
vn 0.000000 0.000000 1.000000
vn 0.000000 0.000000 1.000000
vn -0.000000 0.000000 -1.000000
vn -0.000000 0.000000 -1.000000
vn -0.000000 0.000000 -1.000000
vn -0.000000 0.000000 -1.000000
vn 0.000000 0.000000 1.000000
vn 0.000000 0.000000 1.000000
vn 0.000000 0.000000 1.000000
vn 0.000000 0.000000 1.000000
vn 1.000000 0.000000 0.000000
vn 1.000000 0.000000 0.000000
vn 1.000000 0.000000 0.000000
vn 1.000000 0.000000 0.000000
s off
g Bridge
usemtl initialShadingGroup
f 1006/1348/2757 955/1349/2758 925/1350/2759 919/1351/2760
f 1033/1352/2761 1034/1516/2762 1035/1354/2763 1036/1355/2764
f 921/1356/2765 926/1357/2766 959/1358/2767 1003/1359/2768
f 925/1350/2769 955/1349/2770 963/1360/2771 927/1361/2772
f 1035/1354/2773 1034/1516/2774 1037/1515/2775 1038/1363/2776
f 954/1540/2777 960/1365/2778 966/1536/2779 964/1367/2780
f 927/1361/2781 963/1360/2782 971/1368/2783 929/1369/2784
f 1038/1363/2785 1037/1515/2786 1039/1514/2787 1040/1371/2788
f 935/1372/2789 929/1369/2790 971/1368/2791 995/1373/2792
f 1041/1374/2793 1040/1371/2794 1039/1514/2795 1042/1508/2796
f 996/1376/2797 970/1534/2798 976/1378/2799 998/1520/2800
f 931/1380/2801 979/1381/2802 1007/1382/2803 920/1383/2804
f 1044/1384/2805 1043/1385/2806 1045/1512/2807 1046/1387/2808
f 933/1388/2809 987/1389/2810 979/1381/2811 931/1380/2812
f 1048/1390/2813 1047/1391/2814 1043/1385/2815 1044/1384/2816
f 986/1526/2817 992/1393/2818 982/1528/2819 980/1395/2820
f 935/1372/2821 995/1373/2822 987/1389/2823 933/1388/2824
f 1041/1374/2825 1042/1508/2826 1047/1391/2827 1048/1390/2828
f 923/1396/2829 958/1397/2830 957/1398/2831 1004/1399/2832
f 957/1542/2833 953/1541/2834 939/1554/2835 938/1402/2836
f 961/1538/2837 965/1537/2838 941/1551/2839 942/1406/2840
f 973/1532/2841 969/1535/2842 944/1550/2843 943/1410/2844
f 977/1530/2845 981/1529/2846 945/1547/2847 946/1414/2848
f 918/1415/2849 978/1416/2850 977/1411/2851 1008/1417/2852
f 993/1522/2853 997/1521/2854 949/1543/2855 950/1421/2856
f 989/1524/2857 985/1527/2858 952/1546/2859 951/1425/2860
f 953/1400/2861 1005/1426/2862 940/1427/2863 939/1401/2864
f 967/1428/2865 959/1358/2866 926/1357/2867 928/1429/2868
f 965/1404/2869 973/1407/2870 943/1549/2871 941/1405/2872
f 975/1430/2873 967/1428/2874 928/1429/2875 930/1431/2876
f 969/1408/2877 961/1403/2878 942/1552/2879 944/1409/2880
f 999/1432/2881 975/1430/2882 930/1431/2883 936/1433/2884
f 981/1412/2885 1001/1434/2886 947/1435/2887 945/1413/2888
f 984/1436/2889 983/1437/2890 1002/1438/2891 924/1439/2892
f 985/1423/2893 993/1418/2894 950/1544/2895 952/1424/2896
f 983/1437/2897 991/1440/2898 934/1441/2899 932/1442/2900
f 997/1419/2901 1000/1443/2902 990/1444/2903 989/1422/2904
f 991/1440/2905 999/1432/2906 936/1433/2907 934/1441/2908
f 954/1540/2909 953/1541/2910 957/1542/2911 960/1365/2912
f 961/1538/2913 964/1367/2914 966/1536/2915 965/1537/2916
f 970/1534/2917 969/1535/2918 973/1532/2919 976/1378/2920
f 977/1530/2921 980/1395/2922 982/1528/2923 981/1529/2924
f 986/1526/2925 985/1527/2926 989/1524/2927 992/1393/2928
f 993/1522/2929 996/1376/2930 998/1520/2931 997/1521/2932
f 953/1400/2933 954/1364/2934 955/1349/2935 956/1445/2936
f 957/1398/2937 958/1397/2938 959/1358/2939 960/1555/2940
f 961/1403/2941 962/1446/2942 963/1360/2943 964/1539/2944
f 965/1404/2945 966/1366/2946 967/1428/2947 968/1447/2948
f 969/1408/2949 970/1377/2950 971/1368/2951 972/1448/2952
f 973/1407/2953 974/1449/2954 975/1430/2955 976/1533/2956
f 977/1411/2957 978/1416/2958 979/1381/2959 980/1531/2960
f 981/1412/2961 982/1394/2962 983/1437/2963 984/1436/2964
f 985/1423/2965 986/1392/2966 987/1389/2967 988/1450/2968
f 989/1422/2969 990/1444/2970 991/1440/2971 992/1525/2972
f 993/1418/2973 994/1451/2974 995/1373/2975 996/1523/2976
f 997/1419/2977 998/1379/2978 999/1432/2979 1000/1443/2980
f 981/1412/2981 984/1436/2982 924/1439/2983 1001/1434/2984
f 997/1419/2985 989/1422/2986 951/1545/2987 949/1420/2988
f 1002/1438/2989 983/1437/2990 932/1442/2991 922/1452/2992
f 992/1525/2993 991/1440/2994 983/1437/2995 982/1394/2996
f 1000/1443/2997 999/1432/2998 991/1440/2999 990/1444/3000
f 998/1379/3001 976/1533/3002 975/1430/3003 999/1432/3004
f 968/1447/3005 967/1428/3006 975/1430/3007 974/1449/3008
f 960/1555/3009 959/1358/3010 967/1428/3011 966/1366/3012
f 1003/1359/3013 959/1358/3014 958/1397/3015 923/1396/3016
f 1004/1399/3017 957/1398/3018 938/1553/3019 937/1453/3020
f 965/1404/3021 968/1447/3022 974/1449/3023 973/1407/3024
f 953/1400/3025 956/1445/3026 917/1454/3027 1005/1426/3028
f 917/1454/3029 956/1445/3030 955/1349/3031 1006/1348/3032
f 963/1360/3033 955/1349/3034 954/1364/3035 964/1539/3036
f 971/1368/3037 963/1360/3038 962/1446/3039 972/1448/3040
f 971/1368/3041 970/1377/3042 996/1523/3043 995/1373/3044
f 987/1389/3045 995/1373/3046 994/1451/3047 988/1450/3048
f 979/1381/3049 987/1389/3050 986/1392/3051 980/1531/3052
f 1007/1382/3053 979/1381/3054 978/1416/3055 918/1415/3056
f 1008/1417/3057 977/1411/3058 946/1548/3059 948/1455/3060
f 985/1423/3061 988/1450/3062 994/1451/3063 993/1418/3064
f 969/1408/3065 972/1448/3066 962/1446/3067 961/1403/3068
f 1017/1456/3069 1018/1457/3070 1010/1458/3071 1009/1459/3072
f 1011/1460/3073 1010/1458/3074 1018/1457/3075 1019/1461/3076
f 1012/1462/3077 1011/1460/3078 1019/1461/3079 1020/1463/3080
f 1013/1464/3081 1012/1462/3082 1020/1463/3083 1021/1465/3084
f 1014/1466/3085 1013/1464/3086 1021/1465/3087 1022/1467/3088
f 1015/1468/3089 1014/1466/3090 1022/1467/3091 1023/1469/3092
f 1016/1470/3093 1015/1468/3094 1023/1469/3095 1024/1499/3096
f 1049/1472/3097 1050/1473/3098 1051/1474/3099 1052/1506/3100
f 1053/1476/3101 1051/1474/3102 1050/1473/3103 1054/1477/3104
f 1055/1478/3105 1053/1476/3106 1054/1477/3107 1056/1479/3108
f 1057/1480/3109 1055/1478/3110 1056/1479/3111 1058/1481/3112
f 1059/1482/3113 1057/1480/3114 1058/1481/3115 1060/1483/3116
f 1061/1484/3117 1059/1482/3118 1060/1483/3119 1062/1485/3120
f 1063/1486/3121 1061/1484/3122 1062/1485/3123 1064/1487/3124
f 1009/1459/3125 1010/1458/3126 1026/1488/3127 1025/1519/3128
f 1027/1490/3129 1026/1488/3130 1010/1458/3131 1011/1460/3132
f 1028/1491/3133 1027/1490/3134 1011/1460/3135 1012/1462/3136
f 1029/1492/3137 1028/1491/3138 1012/1462/3139 1013/1464/3140
f 1030/1493/3141 1029/1492/3142 1013/1464/3143 1014/1466/3144
f 1031/1494/3145 1030/1493/3146 1014/1466/3147 1015/1468/3148
f 1032/1495/3149 1031/1494/3150 1015/1468/3151 1016/1470/3152
f 1025/1519/3153 1026/1488/3154 1034/1353/3155 1033/1517/3156
f 926/1357/3157 921/1356/3158 1036/1355/3159 1035/1354/3160
f 921/1356/3161 1025/1489/3162 1033/1518/3163 1036/1355/3164
f 1026/1488/3165 1027/1490/3166 1037/1362/3167 1034/1353/3168
f 928/1429/3169 926/1357/3170 1035/1354/3171 1038/1363/3172
f 1027/1490/3173 1028/1491/3174 1039/1370/3175 1037/1362/3176
f 930/1431/3177 928/1429/3178 1038/1363/3179 1040/1371/3180
f 936/1433/3181 930/1431/3182 1040/1371/3183 1041/1374/3184
f 1028/1491/3185 1029/1492/3186 1042/1375/3187 1039/1370/3188
f 1031/1494/3189 1032/1495/3190 1045/1511/3191 1043/1510/3192
f 1032/1513/3193 922/1452/3194 1046/1387/3195 1045/1386/3196
f 922/1452/3197 932/1442/3198 1044/1384/3199 1046/1387/3200
f 1030/1493/3201 1031/1494/3202 1043/1510/3203 1047/1509/3204
f 932/1442/3205 934/1441/3206 1048/1390/3207 1044/1384/3208
f 1029/1492/3209 1030/1493/3210 1047/1509/3211 1042/1375/3212
f 934/1441/3213 936/1433/3214 1041/1374/3215 1048/1390/3216
f 919/1351/3217 925/1350/3218 1050/1473/3219 1049/1472/3220
f 1018/1457/3221 1017/1456/3222 1052/1505/3223 1051/1504/3224
f 1017/1507/3225 919/1351/3226 1049/1472/3227 1052/1475/3228
f 1019/1461/3229 1018/1457/3230 1051/1504/3231 1053/1503/3232
f 925/1350/3233 927/1361/3234 1054/1477/3235 1050/1473/3236
f 1020/1463/3237 1019/1461/3238 1053/1503/3239 1055/1502/3240
f 927/1361/3241 929/1369/3242 1056/1479/3243 1054/1477/3244
f 1021/1465/3245 1020/1463/3246 1055/1502/3247 1057/1501/3248
f 929/1369/3249 935/1372/3250 1058/1481/3251 1056/1479/3252
f 1022/1467/3253 1021/1465/3254 1057/1501/3255 1059/1500/3256
f 935/1372/3257 933/1388/3258 1060/1483/3259 1058/1481/3260
f 1023/1469/3261 1022/1467/3262 1059/1500/3263 1061/1498/3264
f 933/1388/3265 931/1380/3266 1062/1485/3267 1060/1483/3268
f 1024/1499/3269 1023/1469/3270 1061/1498/3271 1063/1496/3272
f 931/1380/3273 920/1383/3274 1064/1487/3275 1062/1485/3276
f 920/1383/3277 1024/1471/3278 1063/1497/3279 1064/1487/3280
g default
v -17.137495 55.471252 -5.614365
v -23.620405 55.471252 -5.614365
v -26.861860 55.471252 0.000000
v -23.620405 55.471252 5.614365
v -17.137495 55.471252 5.614365
v -13.896040 55.471252 0.000000
v -17.137495 73.392517 -5.614365
v -23.620405 73.392517 -5.614365
v -26.861860 73.392517 0.000000
v -23.620405 73.392517 5.614365
v -17.137495 73.392517 5.614365
v -13.896040 73.392517 0.000000
v -20.378950 73.392517 0.000000
v -3.560774 55.471252 -5.614365
v -10.043684 55.471252 -5.614365
v -13.285139 55.471252 0.000000
v -10.043684 55.471252 5.614365
v -3.560774 55.471252 5.614365
v -0.319319 55.471252 0.000000
v -3.560774 81.387268 -5.614365
v -10.043684 81.387268 -5.614365
v -13.285139 81.387268 0.000000
v -10.043684 81.387268 5.614365
v -3.560774 81.387268 5.614365
v -0.319319 81.387268 0.000000
v -6.802229 81.387268 0.000000
v 10.416826 55.471252 -5.614365
v 3.933916 55.471252 -5.614365
v 0.692461 55.471252 0.000000
v 3.933916 55.471252 5.614365
v 10.416826 55.471252 5.614365
v 13.658281 55.471252 0.000000
v 10.416826 89.562805 -5.614365
v 3.933916 89.562805 -5.614365
v 0.692461 89.562805 0.000000
v 3.933916 89.562805 5.614365
v 10.416826 89.562805 5.614365
v 13.658281 89.562805 0.000000
v 7.175371 89.562805 0.000000
v 24.550829 55.471252 -5.614365
v 18.067919 55.471252 -5.614365
v 14.826464 55.471252 0.000000
v 18.067919 55.471252 5.614365
v 24.550829 55.471252 5.614365
v 27.792284 55.471252 0.000000
v 24.550829 93.981140 -5.614365
v 18.067919 93.981140 -5.614365
v 14.826464 93.981140 0.000000
v 18.067919 93.981140 5.614365
v 24.550829 93.981140 5.614365
v 27.792284 93.981140 0.000000
v 21.309374 93.981140 0.000000
v -29.233625 0.000000 13.146179
v 29.233629 0.000000 13.146179
v -29.233625 55.471252 13.146179
v 29.233629 55.471252 13.146179
v -29.233625 55.471252 -13.146179
v 29.233629 55.471252 -13.146179
v -29.233625 0.000000 -13.146179
v 29.233629 0.000000 -13.146179
vt 0.466010 0.066956
vt 0.465972 0.062865
vt 0.476595 0.063154
vt 0.477334 0.066973
vt 0.466264 0.058589
vt 0.477677 0.059580
vt 0.466674 0.054527
vt 0.481989 0.059826
vt 0.467054 0.050469
vt 0.483993 0.063584
vt 0.466030 0.071037
vt 0.481638 0.067133
vt 0.480002 0.063389
vt 0.463526 0.066939
vt 0.463505 0.062860
vt 0.479100 0.063099
vt 0.479864 0.066946
vt 0.463649 0.058634
vt 0.480058 0.059426
vt 0.463877 0.054563
vt 0.484376 0.059626
vt 0.464090 0.050496
vt 0.486460 0.063350
vt 0.463540 0.071014
vt 0.484185 0.066962
vt 0.482470 0.063245
vt 0.460982 0.066923
vt 0.460964 0.062849
vt 0.481669 0.063035
vt 0.482439 0.066902
vt 0.461044 0.058656
vt 0.482556 0.059300
vt 0.461185 0.054585
vt 0.486877 0.059485
vt 0.461320 0.050516
vt 0.489001 0.063193
vt 0.460996 0.070995
vt 0.486766 0.066839
vt 0.485012 0.063133
vt 0.459660 0.066918
vt 0.459588 0.062847
vt 0.483056 0.062689
vt 0.483878 0.066555
vt 0.459591 0.058666
vt 0.483866 0.058918
vt 0.459650 0.054595
vt 0.488190 0.059043
vt 0.459704 0.050525
vt 0.490377 0.062718
vt 0.459729 0.070988
vt 0.488206 0.066405
vt 0.486389 0.062726
vt 0.508557 0.043824
vt 0.579772 0.009160
vt 0.579769 0.043830
vt 0.543227 0.043827
vt 0.579768 0.060263
vt 0.543226 0.060260
vt 0.614439 0.060265
vt 0.543223 0.094930
vt 0.579766 0.094932
vt 0.508556 0.060257
vt 0.614440 0.043832
vt 0.543229 0.009157
vt 0.459796 0.075056
vt 0.484004 0.074689
vt 0.483958 0.050787
vt 0.483939 0.070621
vt 0.483909 0.054854
vt 0.461007 0.075065
vt 0.482450 0.075038
vt 0.482804 0.051170
vt 0.482443 0.070969
vt 0.482676 0.055236
vt 0.463547 0.075086
vt 0.479863 0.075083
vt 0.480446 0.051301
vt 0.479861 0.071013
vt 0.480245 0.055365
vt 0.466041 0.075112
vt 0.477331 0.075109
vt 0.478359 0.051474
vt 0.477327 0.071039
vt 0.478003 0.055529
vn 0.000000 0.000000 -1.000000
vn 0.000000 0.000000 -1.000000
vn 0.000000 0.000000 -1.000000
vn 0.000000 0.000000 -1.000000
vn -0.866025 0.000000 -0.500001
vn -0.866025 0.000000 -0.500001
vn -0.866025 0.000000 -0.500001
vn -0.866025 0.000000 -0.500001
vn -0.866025 0.000000 0.500001
vn -0.866025 0.000000 0.500001
vn -0.866025 0.000000 0.500001
vn -0.866025 0.000000 0.500001
vn 0.000000 0.000000 1.000000
vn 0.000000 0.000000 1.000000
vn 0.000000 0.000000 1.000000
vn 0.000000 0.000000 1.000000
vn 0.866025 0.000000 0.500001
vn 0.866025 0.000000 0.500001
vn 0.866025 0.000000 0.500001
vn 0.866025 0.000000 0.500001
vn 0.866025 0.000000 -0.500001
vn 0.866025 0.000000 -0.500001
vn 0.866025 0.000000 -0.500001
vn 0.866025 0.000000 -0.500001
vn 0.000000 1.000000 0.000000
vn 0.000000 1.000000 0.000000
vn 0.000000 1.000000 0.000000
vn 0.000000 1.000000 0.000000
vn 0.000000 1.000000 0.000000
vn 0.000000 1.000000 0.000000
vn 0.000000 1.000000 0.000000
vn 0.000000 1.000000 0.000000
vn 0.000000 1.000000 0.000000
vn 0.000000 1.000000 0.000000
vn 0.000000 1.000000 0.000000
vn 0.000000 1.000000 0.000000
vn 0.000000 1.000000 0.000000
vn 0.000000 1.000000 0.000000
vn 0.000000 1.000000 0.000000
vn 0.000000 1.000000 0.000000
vn 0.000000 1.000000 0.000000
vn 0.000000 1.000000 0.000000
vn 0.000000 0.000000 -1.000000
vn 0.000000 0.000000 -1.000000
vn 0.000000 0.000000 -1.000000
vn 0.000000 0.000000 -1.000000
vn -0.866025 0.000000 -0.500000
vn -0.866025 0.000000 -0.500000
vn -0.866025 0.000000 -0.500000
vn -0.866025 0.000000 -0.500000
vn -0.866025 0.000000 0.500000
vn -0.866025 0.000000 0.500000
vn -0.866025 0.000000 0.500000
vn -0.866025 0.000000 0.500000
vn 0.000000 0.000000 1.000000
vn 0.000000 0.000000 1.000000
vn 0.000000 0.000000 1.000000
vn 0.000000 0.000000 1.000000
vn 0.866025 0.000000 0.500000
vn 0.866025 0.000000 0.500000
vn 0.866025 0.000000 0.500000
vn 0.866025 0.000000 0.500000
vn 0.866025 0.000000 -0.500000
vn 0.866025 0.000000 -0.500000
vn 0.866025 0.000000 -0.500000
vn 0.866025 0.000000 -0.500000
vn 0.000000 1.000000 0.000000
vn 0.000000 1.000000 0.000000
vn 0.000000 1.000000 0.000000
vn 0.000000 1.000000 0.000000
vn 0.000000 1.000000 0.000000
vn 0.000000 1.000000 0.000000
vn 0.000000 1.000000 0.000000
vn 0.000000 1.000000 0.000000
vn 0.000000 1.000000 0.000000
vn 0.000000 1.000000 0.000000
vn 0.000000 1.000000 0.000000
vn 0.000000 1.000000 0.000000
vn 0.000000 1.000000 0.000000
vn 0.000000 1.000000 0.000000
vn 0.000000 1.000000 0.000000
vn 0.000000 1.000000 0.000000
vn 0.000000 1.000000 0.000000
vn 0.000000 1.000000 0.000000
vn 0.000000 0.000000 -1.000000
vn 0.000000 0.000000 -1.000000
vn 0.000000 0.000000 -1.000000
vn 0.000000 0.000000 -1.000000
vn -0.866025 0.000000 -0.500001
vn -0.866025 0.000000 -0.500001
vn -0.866025 0.000000 -0.500001
vn -0.866025 0.000000 -0.500001
vn -0.866025 0.000000 0.500000
vn -0.866025 0.000000 0.500000
vn -0.866025 0.000000 0.500000
vn -0.866025 0.000000 0.500000
vn 0.000000 0.000000 1.000000
vn 0.000000 0.000000 1.000000
vn 0.000000 0.000000 1.000000
vn 0.000000 0.000000 1.000000
vn 0.866025 0.000000 0.500000
vn 0.866025 0.000000 0.500000
vn 0.866025 0.000000 0.500000
vn 0.866025 0.000000 0.500000
vn 0.866025 0.000000 -0.500001
vn 0.866025 0.000000 -0.500001
vn 0.866025 0.000000 -0.500001
vn 0.866025 0.000000 -0.500001
vn 0.000000 1.000000 0.000000
vn 0.000000 1.000000 0.000000
vn 0.000000 1.000000 0.000000
vn 0.000000 1.000000 0.000000
vn 0.000000 1.000000 0.000000
vn 0.000000 1.000000 0.000000
vn 0.000000 1.000000 0.000000
vn 0.000000 1.000000 0.000000
vn 0.000000 1.000000 0.000000
vn 0.000000 1.000000 0.000000
vn 0.000000 1.000000 0.000000
vn 0.000000 1.000000 0.000000
vn 0.000000 1.000000 0.000000
vn 0.000000 1.000000 0.000000
vn 0.000000 1.000000 0.000000
vn 0.000000 1.000000 0.000000
vn 0.000000 1.000000 0.000000
vn 0.000000 1.000000 0.000000
vn 0.000000 0.000000 -1.000000
vn 0.000000 0.000000 -1.000000
vn 0.000000 0.000000 -1.000000
vn 0.000000 0.000000 -1.000000
vn -0.866025 0.000000 -0.500000
vn -0.866025 0.000000 -0.500000
vn -0.866025 0.000000 -0.500000
vn -0.866025 0.000000 -0.500000
vn -0.866025 0.000000 0.500000
vn -0.866025 0.000000 0.500000
vn -0.866025 0.000000 0.500000
vn -0.866025 0.000000 0.500000
vn 0.000000 0.000000 1.000000
vn 0.000000 0.000000 1.000000
vn 0.000000 0.000000 1.000000
vn 0.000000 0.000000 1.000000
vn 0.866025 0.000000 0.500000
vn 0.866025 0.000000 0.500000
vn 0.866025 0.000000 0.500000
vn 0.866025 0.000000 0.500000
vn 0.866025 0.000000 -0.500000
vn 0.866025 0.000000 -0.500000
vn 0.866025 0.000000 -0.500000
vn 0.866025 0.000000 -0.500000
vn 0.000000 1.000000 0.000000
vn 0.000000 1.000000 0.000000
vn 0.000000 1.000000 0.000000
vn 0.000000 1.000000 0.000000
vn 0.000000 1.000000 0.000000
vn 0.000000 1.000000 0.000000
vn 0.000000 1.000000 0.000000
vn 0.000000 1.000000 0.000000
vn 0.000000 1.000000 0.000000
vn 0.000000 1.000000 0.000000
vn 0.000000 1.000000 0.000000
vn 0.000000 1.000000 0.000000
vn 0.000000 1.000000 0.000000
vn 0.000000 1.000000 0.000000
vn 0.000000 1.000000 0.000000
vn 0.000000 1.000000 0.000000
vn 0.000000 1.000000 0.000000
vn 0.000000 1.000000 0.000000
vn 0.000000 0.000000 1.000000
vn 0.000000 0.000000 1.000000
vn 0.000000 0.000000 1.000000
vn 0.000000 0.000000 1.000000
vn 0.000000 1.000000 0.000000
vn 0.000000 1.000000 0.000000
vn 0.000000 1.000000 0.000000
vn 0.000000 1.000000 0.000000
vn 0.000000 0.000000 -1.000000
vn 0.000000 0.000000 -1.000000
vn 0.000000 0.000000 -1.000000
vn 0.000000 0.000000 -1.000000
vn 1.000000 0.000000 0.000000
vn 1.000000 0.000000 0.000000
vn 1.000000 0.000000 0.000000
vn 1.000000 0.000000 0.000000
vn -1.000000 0.000000 0.000000
vn -1.000000 0.000000 0.000000
vn -1.000000 0.000000 0.000000
vn -1.000000 0.000000 0.000000
s off
g Chimney
usemtl initialShadingGroup
f 1065/1556/3281 1066/1557/3282 1072/1558/3283 1071/1559/3284
f 1066/1557/3285 1067/1560/3286 1073/1561/3287 1072/1558/3288
f 1067/1560/3289 1068/1562/3290 1074/1639/3291 1073/1561/3292
f 1068/1562/3293 1069/1564/3294 1075/1637/3295 1074/1639/3296
f 1069/1635/3297 1070/1566/3298 1076/1638/3299 1075/1636/3300
f 1070/1566/3301 1065/1556/3302 1071/1559/3303 1076/1638/3304
f 1071/1559/3305 1072/1558/3306 1077/1568/3307
f 1072/1558/3308 1073/1561/3309 1077/1568/3310
f 1073/1561/3311 1074/1563/3312 1077/1568/3313
f 1074/1563/3314 1075/1565/3315 1077/1568/3316
f 1075/1565/3317 1076/1567/3318 1077/1568/3319
f 1076/1567/3320 1071/1559/3321 1077/1568/3322
f 1078/1569/3323 1079/1570/3324 1085/1571/3325 1084/1572/3326
f 1079/1570/3327 1080/1573/3328 1086/1574/3329 1085/1571/3330
f 1080/1573/3331 1081/1575/3332 1087/1634/3333 1086/1574/3334
f 1081/1575/3335 1082/1577/3336 1088/1632/3337 1087/1634/3338
f 1082/1630/3339 1083/1579/3340 1089/1633/3341 1088/1631/3342
f 1083/1579/3343 1078/1569/3344 1084/1572/3345 1089/1633/3346
f 1084/1572/3347 1085/1571/3348 1090/1581/3349
f 1085/1571/3350 1086/1574/3351 1090/1581/3352
f 1086/1574/3353 1087/1576/3354 1090/1581/3355
f 1087/1576/3356 1088/1578/3357 1090/1581/3358
f 1088/1578/3359 1089/1580/3360 1090/1581/3361
f 1089/1580/3362 1084/1572/3363 1090/1581/3364
f 1091/1582/3365 1092/1583/3366 1098/1584/3367 1097/1585/3368
f 1092/1583/3369 1093/1586/3370 1099/1587/3371 1098/1584/3372
f 1093/1586/3373 1094/1588/3374 1100/1629/3375 1099/1587/3376
f 1094/1588/3377 1095/1590/3378 1101/1627/3379 1100/1629/3380
f 1095/1625/3381 1096/1592/3382 1102/1628/3383 1101/1626/3384
f 1096/1592/3385 1091/1582/3386 1097/1585/3387 1102/1628/3388
f 1097/1585/3389 1098/1584/3390 1103/1594/3391
f 1098/1584/3392 1099/1587/3393 1103/1594/3394
f 1099/1587/3395 1100/1589/3396 1103/1594/3397
f 1100/1589/3398 1101/1591/3399 1103/1594/3400
f 1101/1591/3401 1102/1593/3402 1103/1594/3403
f 1102/1593/3404 1097/1585/3405 1103/1594/3406
f 1104/1595/3407 1105/1596/3408 1111/1597/3409 1110/1598/3410
f 1105/1596/3411 1106/1599/3412 1112/1600/3413 1111/1597/3414
f 1106/1599/3415 1107/1601/3416 1113/1624/3417 1112/1600/3418
f 1107/1601/3419 1108/1603/3420 1114/1622/3421 1113/1624/3422
f 1108/1620/3423 1109/1605/3424 1115/1623/3425 1114/1621/3426
f 1109/1605/3427 1104/1595/3428 1110/1598/3429 1115/1623/3430
f 1110/1598/3431 1111/1597/3432 1116/1607/3433
f 1111/1597/3434 1112/1600/3435 1116/1607/3436
f 1112/1600/3437 1113/1602/3438 1116/1607/3439
f 1113/1602/3440 1114/1604/3441 1116/1607/3442
f 1114/1604/3443 1115/1606/3444 1116/1607/3445
f 1115/1606/3446 1110/1598/3447 1116/1607/3448
f 1117/1619/3449 1118/1609/3450 1120/1610/3451 1119/1611/3452
f 1119/1611/3453 1120/1610/3454 1122/1612/3455 1121/1613/3456
f 1121/1613/3457 1122/1612/3458 1124/1616/3459 1123/1615/3460
f 1118/1618/3461 1124/1614/3462 1122/1612/3463 1120/1610/3464
f 1123/1617/3465 1117/1608/3466 1119/1611/3467 1121/1613/3468
g default
v 100.000000 -133.274124 -29.813219
v 300.000000 -133.274124 -29.813219
v 0.000000 -33.274124 -29.813219
v 400.000000 -33.274124 -29.813219
v 0.000000 37.680741 -29.813219
v 400.000000 37.680741 -29.813219
v 0.000000 37.680741 -399.999986
v 400.000000 37.680741 -399.999986
vt 0.556411 0.162432
vt 0.556409 0.197961
vt 0.538643 0.215724
vt 0.538647 0.144666
vt 0.526039 0.215724
vt 0.526042 0.144666
vt 0.460277 0.215720
vt 0.460281 0.144662
vn 0.000000 0.000000 1.000000
vn 0.000000 0.000000 1.000000
vn 0.000000 0.000000 1.000000
vn 0.000000 0.000000 1.000000
vn 0.000000 0.000000 1.000000
vn 0.000000 0.000000 1.000000
vn 0.000000 0.000000 1.000000
vn 0.000000 0.000000 1.000000
vn 0.000000 1.000000 0.000000
vn 0.000000 1.000000 0.000000
vn 0.000000 1.000000 0.000000
vn 0.000000 1.000000 0.000000
s off
g River_Front
usemtl initialShadingGroup
f 1125/1640/3469 1126/1641/3470 1128/1642/3471 1127/1643/3472
f 1127/1643/3473 1128/1642/3474 1130/1644/3475 1129/1645/3476
f 1129/1645/3477 1130/1644/3478 1132/1646/3479 1131/1647/3480
g default
v 0.000000 0.000000 0.000000
v 200.000000 0.000000 0.000000
v 0.000000 100.000000 0.000000
v 200.000000 100.000000 0.000000
v 0.000000 37.977676 38.469727
v 200.000000 37.977676 38.469727
v 200.000000 84.279541 38.469727
v 0.000000 84.279541 38.469727
v 0.000000 100.000000 -400.000000
v 200.000000 100.000000 -400.000000
vt 0.028507 0.034278
vt 0.153507 0.034283
vt 0.153506 0.063221
vt 0.028506 0.063217
vt 0.028508 0.000492
vt 0.153508 0.000496
vt 0.153505 0.089195
vt 0.028505 0.089190
vt 0.153496 0.339195
vt 0.028496 0.339190
vn 0.000000 0.000000 1.000000
vn 0.000000 0.000000 1.000000
vn 0.000000 0.000000 1.000000
vn 0.000000 0.000000 1.000000
vn 0.000000 -0.711643 0.702541
vn 0.000000 -0.711643 0.702541
vn 0.000000 -0.711643 0.702541
vn 0.000000 -0.711643 0.702541
vn 0.000000 0.925692 0.378279
vn 0.000000 0.925692 0.378279
vn 0.000000 0.925692 0.378279
vn 0.000000 0.925692 0.378279
vn 0.000000 1.000000 0.000000
vn 0.000000 1.000000 0.000000
vn 0.000000 1.000000 0.000000
vn 0.000000 1.000000 0.000000
s off
g Street_Front
usemtl initialShadingGroup
f 1137/1648/3481 1138/1649/3482 1139/1650/3483 1140/1651/3484
f 1133/1652/3485 1134/1653/3486 1138/1649/3487 1137/1648/3488
f 1136/1654/3489 1135/1655/3490 1140/1651/3491 1139/1650/3492
f 1135/1655/3493 1136/1654/3494 1142/1656/3495 1141/1657/3496
g default
v 0.000000 0.000000 0.000000
v 200.000000 0.000000 0.000000
v 0.000000 100.000000 0.000000
v 165.232498 100.000000 0.000000
v 0.000000 100.000000 -400.000000
v 165.232498 100.000000 -400.000000
v 200.000000 0.000000 -400.000000
v 0.000000 84.279541 38.469727
v 200.000000 84.279541 -400.000000
v 165.232498 84.279541 38.469727
v 0.000000 37.977676 38.469727
v 200.000000 37.977676 -400.000000
v 165.232498 37.977676 38.469727
v 200.000000 84.279541 0.000072
v 200.000000 37.977676 0.000072
vt 0.001079 0.000504
vt 0.126079 0.000484
vt 0.157145 0.056770
vt 0.001084 0.034290
vt 0.001093 0.089202
vt 0.109329 0.074616
vt 0.104402 0.339187
vt 0.001131 0.339202
vt 0.180924 0.339175
vt 0.157188 0.339179
vt 0.157150 0.089178
vt 0.128211 0.089183
vt 0.128250 0.339183
vt 0.001089 0.063228
vt 0.128206 0.056775
vt 0.104363 0.089186
vt 0.104355 0.034274
vt 0.104360 0.063213
vt 0.180886 0.089175
vn 0.000000 -0.711643 0.702541
vn 0.000000 -0.711643 0.702541
vn 0.000000 -0.711643 0.702541
vn 0.000000 -0.711643 0.702541
vn 0.000000 1.000000 0.000000
vn 0.000000 1.000000 0.000000
vn 0.000000 1.000000 0.000000
vn 0.000000 1.000000 0.000000
vn 1.000000 -0.000000 0.000000
vn 1.000000 -0.000000 0.000000
vn 1.000000 -0.000000 0.000000
vn 1.000000 -0.000000 0.000000
vn 0.412000 0.911184 0.000000
vn 0.412000 0.911184 0.000000
vn 0.412000 0.911184 0.000000
vn 0.412000 0.911184 0.000000
vn 0.000000 0.925692 0.378279
vn 0.000000 0.925692 0.378279
vn 0.000000 0.925692 0.378279
vn 0.000000 0.925692 0.378279
vn 1.000000 0.000000 0.000000
vn 1.000000 0.000000 0.000000
vn 1.000000 0.000000 0.000000
vn 1.000000 0.000000 0.000000
vn 0.000000 0.000000 1.000000
vn 0.000000 0.000000 1.000000
vn 0.000000 0.000000 1.000000
vn 0.000000 0.000000 1.000000
vn 0.386103 0.853910 0.348946
vn 0.386103 0.853910 0.348946
vn 0.386103 0.853910 0.348946
vn 0.741904 0.000000 0.670506
vn 0.741904 0.000000 0.670506
vn 0.741904 0.000000 0.670506
vn 0.741904 0.000000 0.670506
vn 0.741904 -0.000001 0.670506
vn 0.741904 -0.000001 0.670506
vn 0.741904 -0.000001 0.670506
s off
g River_Corner_Left
usemtl initialShadingGroup
f 1143/1658/3497 1144/1659/3498 1155/1674/3499 1153/1661/3500
f 1145/1662/3501 1146/1673/3502 1148/1664/3503 1147/1665/3504
f 1144/1676/3505 1149/1666/3506 1154/1667/3507 1157/1668/3508
f 1146/1673/3509 1156/1669/3510 1151/1670/3511 1148/1664/3512
f 1150/1671/3513 1152/1675/3514 1146/1673/3515 1145/1662/3516
f 1156/1669/3517 1157/1668/3518 1154/1667/3519 1151/1670/3520
f 1153/1661/3521 1155/1674/3522 1152/1675/3523 1150/1671/3524
f 1152/1672/3525 1156/1669/3526 1146/1663/3527
f 1155/1660/3528 1157/1668/3529 1156/1669/3530 1152/1672/3531
f 1144/1676/3532 1157/1668/3533 1155/1660/3534
g default
v 200.000000 0.000000 0.000000
v 0.000000 100.000000 0.000000
v 165.232498 100.000000 0.000000
v 0.000000 100.000000 -400.000000
v 165.232498 100.000000 -400.000000
v 200.000000 0.000000 -400.000000
v 200.000000 84.279541 -400.000000
v 200.000000 37.977676 -400.000000
v 200.000000 84.279541 0.000061
v 200.000000 37.977676 0.000061
vt 0.001083 0.044859
vt 0.104354 0.044841
vt 0.104398 0.294841
vt 0.001128 0.294859
vt 0.180876 0.044827
vt 0.180920 0.294828
vt 0.157184 0.294832
vt 0.157140 0.044832
vt 0.128201 0.044837
vt 0.128246 0.294837
vn 0.000000 1.000000 0.000000
vn 0.000000 1.000000 0.000000
vn 0.000000 1.000000 0.000000
vn 0.000000 1.000000 0.000000
vn 1.000000 -0.000000 0.000000
vn 1.000000 -0.000000 0.000000
vn 1.000000 -0.000000 0.000000
vn 1.000000 -0.000000 0.000000
vn 0.412000 0.911184 0.000000
vn 0.412000 0.911184 0.000000
vn 0.412000 0.911184 0.000000
vn 0.412000 0.911184 0.000000
vn 1.000000 0.000000 0.000000
vn 1.000000 0.000000 0.000000
vn 1.000000 0.000000 0.000000
vn 1.000000 0.000000 0.000000
s off
g River_Side
usemtl initialShadingGroup
f 1159/1677/3535 1160/1678/3536 1162/1679/3537 1161/1680/3538
f 1158/1681/3539 1163/1682/3540 1165/1683/3541 1167/1684/3542
f 1160/1678/3543 1166/1685/3544 1164/1686/3545 1162/1679/3546
f 1166/1685/3547 1167/1684/3548 1165/1683/3549 1164/1686/3550
